AuthorID,FirstName,LastName,MiddleName
1,l,ainsworth,k.
2,gordon,davies,
3,jenny,preece,
4,laurie,keller,
5,lee,adams,
6,hojjat,adeli,
7,beth,adelson,
8,paul,adler,s.
9,gul,agha,
10,rui,aguiar,l.
11,mel,ainscow,
12,w.,ainsworth,a.
13,v.,alagar,s.
14,igor,aleksander,
15,bob,allen,
16,gary,allen,
17,james,allen,
18,gordon,allison,
19,carmen,almodovar,
20,hiyan,alshawi,
21,jan,alste,a. van
22,j.,alty,l.
23,sueann,ambron,
24,leendert,ammeraal,
25,loretta,anania,
26,david,anderson,r.
27,ronald,anderson,g.
28,ian,angell,o.
29,ed,anuff,
30,yuichiro,anzai,
31,krzysztof,apt,r.
32,daniele,archibugi,
33,w.,arms,y.
34,robert,arnold,s.
35,paul,asente,j.
36,stacey,ashlund,
37,patrizia,asirelli,
38,m.,aslett,j.
39,gunela,astbrink,
40,rita,atkinson,l.
41,arlene,aucella,f.
42,lars,augustsson,
43,steven,aukstakalnis,
44,n.,aussenac,
45,mark,ayel,
46,christopher,baber,
47,donna,bacon,c.
48,tom,badgett,
49,norman,badler,i.
50,albert,badre,
51,ronald,baecker,m.
52,robert,bailey,w.
53,michael,baker,j.
54,e.,ballabio,
55,d.,balston,m.
56,carl,bamford,
57,francois,bancilhou,
58,graham,bannock,
59,p.,barahona,
60,lon,barfield,
61,nabajyoti,barkakati,
62,edward,barrett,
63,leonard,bass,j
64,monika,bauer,
65,penny,bauersfeld,
66,hedley,beare,
67,k.,beauchamp,g.
68,hellen,bee,
69,david,beer,f.
70,annabel,beerel,
71,edward,bender,a.
72,michael,benedikt,
73,frederic,benhamou,
74,neville,bennett,
75,david,benyon,
76,l.,beolchi,
77,jane,berliss,r.
78,john,berry,
79,g.,bes,g.
80,s.,bescos,
81,rene,besson,
82,nigel,bevan,
83,paul,beynon,
84,ramachandran,bharath,
85,r.,bias,g.
86,wolfgang,bibel,
87,dick,bierman,
88,alan,biermann,w.
89,morris,bigge,l.
90,per,bilse,
91,john,bingham,
92,mary,binion,
93,richard,bird,
94,robin,birn,j.
95,t.,bitzou,
96,uyless,black,
97,frank,blackler,
98,marion,blank,
99,robert,blanning,w.
100,a.,blaser,
101,meera,blattner,m.
102,brian,blau,
103,ron,blicq,s.
104,charles,bliss,k
105,frances,blomeley,
106,bernard,boar,h.
107,daniel,bobrow,g.
108,barbara,bochenski,
109,h.,bock,h.
110,f.,bodart,
111,susanne,bodker,
112,leonard,bolc,
113,werner,boldt,
114,john,bonnie,e.
115,j.,boose,
116,paul,booth,a.
117,gary,borchardt,c.
118,peter,borden,a.
119,jim,boucher,
120,theo,bougie,
121,herman,bouma,
122,sing,bow,tze
123,david,bowers,j.
124,j.,bowers,m.
125,kevin,bowyer,
126,r.,boyle,d.
127,ronald,brachman,j.
128,gunilla,bradley,
129,stewart,brand,
130,lieve van den,brande,
131,ase,brandt,
132,lewis,branscomb,m.
133,kenmore,brathwaite,s.
134,gerrit,breede,
135,r.,brewster,l.
136,steven,broadbent,
137,r.,brockmann,john
138,jane,brodin,
139,k.,brodlie,w.
140,peter,brodner,
141,s.,brookes,
142,heather,brown,
143,judith,brown,r.
144,ogden,brown,
145,p.,brown,j.
146,ray,browne,
147,clifford,brubaker,e.
148,ian,bruce,
149,james,brule,f.
150,stanley,budd,a.
151,reinhard,budde,
152,hans,bullinger,jorg
153,alan,bundy,
154,john,burch,g.
155,jonathan,burchell,
156,dominique,burger,
157,jeff,burger,
158,peter,burger,
159,barbara,burns,
160,david,bush,
161,g.,butcher,
162,keith,butler,
163,george,calhoun,
164,phillip,callison,t.
165,keith,cameron,
166,joe,campbell,
167,stephen,campbell,k.
168,h.,capron,l.
169,j.m.g.,caraca,
170,jaime,carbonell,
171,noelle,carbonell,
172,stuart,card,k.
173,lu,carella,
174,jane,carey,m.
175,a.,carlisle,
176,bob,carpenter,
177,michel,carpentier,
178,janet,carr,
179,joseph,carr,j.
180,karen,carr,
181,jane,carrasco chew,
182,michael,carrier,
183,john,carroll,m.
184,charles,carter,
185,tiziana,catarci,
186,bernard,catterall,j.
187,maureen,caudill,
188,alison,cawsey,
189,francois,cellier,e.
190,s.,ceri,
191,christopher,chabris,f.
192,teresa,chambel,
193,anthony,chandor,
194,shi,chang,kuo
195,elizabeth,chapman,k.
196,robert,chapman,l.
197,antonio,charana,
198,david,charles,
199,steve,charles,
200,eugene,charniak,
201,peter,checkland,
202,harry,chesley,r.
203,elliot,chikofsky,
204,roger,chisholm,k
205,peter,chisnall,m
206,dimitris,chorafas,n.
207,larry,christensen,b.
208,kaare,christian,
209,eliot,soloway,
210,william,clancey,j.
211,david,clark,r.
212,t.,clark,s.
213,anne,clarke,m.
214,pauline,clayton,
215,d.,cleal,m.
216,axel,cleeremans,
217,jeremy,clough,r.
218,j.,cluley,c.
219,petter,coad,
220,r,coats,b.
221,george,cochrane,
222,g.,cockton,
223,frans,coenen,
224,arnon,cohen,
225,andrew,cohill,m.
226,philippe,coiffet,
227,robert,cole,
228,r.,colin-johnson,
229,harry,collins,m.
230,david,colven,
231,nora,comstock,
232,sharolyn,converse,a.
233,albert,cook,m.
234,robert,cook,
235,ian,cooke,
236,doug,cooper,
237,richard,cooper,
238,ross,cooper,
239,eileen,cornell way,
240,ernesto,costa,
241,harold,cott,p.
242,neal,coulter,s.
243,d.,cox,r.
244,kevin,cox,
245,marion,cranmer,
246,william,crighton,
247,nigel,cross,
248,james,crown,
249,kevin,cullen,
250,steve,cunningham,
251,bill,curtis,
252,william,cushman,h.
253,emilio,daddario,q.
254,robert,dale,
255,roger,dale,
256,diane,damos,l.
257,harry,daniels,
258,paolo,dario,
259,belur,dasarathy,v.
260,c.,date,j.
261,patrick,daunt,
262,jean-marc,david,
263,hugh,davidson,
264,robert,davidson,p.
265,leonora,davies,
266,lynda,davies,j.
267,ben,davis,
268,keith,davis,
269,wayne,davis,a.
270,r.,day,a.
271,e.,de corte,
272,s.,deen,m.
273,john,deep,
274,j.,demongeot,
275,sandra,denno,
276,p.,deransart,
277,barry,desmond,
278,dan,diaper,
279,jorge,diaz-herrera,l.
280,michael,dick,j.
281,keith,dickerson,
282,john,dickey,w.
283,s.,dijkstra,
284,andrew,dillon,
285,tharam,dillon,
286,alan,dix,j.
288,m.,doerr,
289,asuman,dogac,
290,stephen,doheny,
291,max,donath,
292,olof,dopping,
293,herbert,dordick,s.
294,merlin,dorfman,
295,rudiger,dornbusch,
296,bonnie,dorr,jean
297,andrew,doswell,
298,ann,douglas,
299,georgios,doukidis,i.
300,andy,downton,
301,k.,drexler,eric
302,hubert,dreyfus,l.
303,allison,druin,
304,d.,duce,a.
305,james,dudley,w.
306,thomas,duffy,m.
307,jan,dul,
308,joseph,dumas,s.
309,dick,duplessie,
310,h.,durrett,john
311,pierre,dussauge,
312,robert,dyson,g.
313,rae,earnshaw,a.
314,ken,eason,
315,niger,east,
316,ray,eberts,e.
317,rolf,eckmiller,
318,ernest,edmonds,
319,alistair,edwards,d.n.
320,alan,edwards,
321,janet,egan,i.
322,roger,ehrich,w.
323,dieter,eichner,
324,jan,eijck,van
325,marc,eisenstadt,
326,jan,ekberg,
327,bruce,elbert,
328,lance,eliot,b.
329,stephen,ellis,r.
330,john,ellison kahn,
331,jill,ellsworth,h.
332,ramez,elmasri,a.
333,gerd,elmfeldt,
334,ben a.,elsendoorn,g.
335,p.,emiliani,l.
336,jose,encarnacao,l.
337,alexandra,enders,
338,f.,engel,l.
339,joseph,engelberger,f.
340,k.,ericsson,anders
341,yasar,ersoy,
342,christopher,evans,
343,carl,eugene,
344,michael,eysenck,w.
345,lennart,fahlen,e.
346,michael,fairhurst,c.
347,aaron,falbel,
348,mary,fallenstein,
349,fred,fallik,
350,p.,falzon,
351,thelma,farison,a.
352,tim,farrell,
353,margaret,fawcus,
354,francesco,fedi,
355,edward,feigenbaum,a.
356,steve,feiner,
357,h.,felix,m.
358,klaus,fellbaum,r.
359,sidney,fels,s.
360,norman,fenton,
361,david,ferguson,l.
362,c.,fernmuller,
363,m.,filgueiras,
364,nicholas,findler,v.
365,timothy,finin,w.
366,donald,fink,g.
367,ronald,finke,a.
368,a cura di f.,fioretto,
369,maureen,firlej,
370,charles,fischer,n.
371,edwin,fleishman,a.
372,jorgen,flensholt,
373,padraig,flynn,
374,james,foley,d.
375,kenneth,forbus,d.
376,kenneth,ford,m.
377,tom,forester,
378,caxton,foster,c.
379,richard,foulds,
380,h.,fowler,w.
381,francis h.roger,france,
382,guido,francois,
383,chava,frankfort-nachias,
384,t.,fraser,m.
385,claude,frasson,
386,john,frederiksen,
387,christopher,freeman,
388,eugene,freuder,c.
389,john,frisby,p.
390,peter,fritzson,a.
391,k.,fu,s.
392,floyd,fuller,
393,toshio,fukuda,
394,richard,furuta,
395,brian,gaines,r.
396,elisa,galdo,m. del
397,jolene,galegher,
398,ian,galer,
399,margaret,galer,
400,cesar,galindo-legaria,
401,stephen,gallant,i.
402,oscar,garcia,n.
403,j.,garcia-luna,j.
404,margaret,gardiner,m.
405,g.,garmonsway,n.
406,les,gasser,
407,richard,gauthier,
408,k.,gee,c.
409,e.m.s.j. van,gennip,
410,max,giardina,
411,joseph,giarratano,
412,simon,gibbs,j.
413,john,gill,m.
414,walter,gilmore,e.
415,paul,gilster,
416,matt,ginsberg,
417,john,gjoderum,
418,bryan,glastonbury,
419,ephraim,glinert,p.
420,robert,glorioso,m.
421,clark,glymour,
422,susan,godfrey,
423,ben,goertzel,
424,charles,goldfarb,f.
425,l.,goldschlager,
426,gene,golub,h.
427,francois,gondrand,
428,avelino,gonzalez,j.
429,rafael,gonzalez,c.
430,thomas,good,l.
431,clifford,goodman,
432,l.,goodstein,p.
433,bo,goranzon,
434,c.,gordon,
435,p.,gorny,
436,mitch,gould,
437,joe,gradecki,
438,ian,graham,s.
439,stephanos,grammenos,
440,etienne,grandjean,
441,colin,granger,
442,mike,gray,
443,paul,gray,
444,wayne,gray,d.
445,p.,graziani,
446,thomas,grechenig,
447,joan,greenbaum,
448,sidney,greenbaum,
449,saul,greenberg,
450,michael,greener,
451,irene,greif,
452,petar,guberina,
453,giovanni,guida,
454,jon,gunderson,
455,carl,gunter,a.
456,r.,gunzenhauser,
457,amar,gupta,
458,uma,gupta,
459,jan,haavard skjetne,
460,michael,hacker,
461,charles,hadfield,
462,theresa,halley,
463,richard,hallows,d.
464,barry,hampshire,
465,peter,hancock,a.
466,jorgen,hansen,
467,tony,hansen,l.
468,katherine,haramundanis,
469,linda,harasim,m.
470,helle,harboe,
471,nigel,harding,
472,john,hares,s.
473,paul,harmon,
474,g.,harrison,m.
475,michael,harrison,
476,h.,hartson,rex
477,c.,haslegrave,m.
478,ursula,hass,
479,jean,haton,paul
480,john,haugeland,
481,robert,haviland,p.
482,i.,hawryszkiewycz,t.
483,s.,hayakawa,i.
484,tom,hayward,
485,bill,hefley,
486,seamus,hegarty,
487,barbara,hehner,
488,michael,heim,
489,siegfried,heine,
490,loren,heiny,
491,david,heiserman,l.
492,martin,helander,
493,donald,helgeson,v.
494,dan,heller,
495,martin,heller,
496,rachelle,heller,
497,gunnar,hellstrom,
498,william,hendee,r.
499,james,hendler,a.
500,james,hendrix,e.
501,john,hendry,
502,mike,hendry,
503,jane,henry,
504,rosemary,henze,c.
505,john,herman,
506,daniel,hernandez,
507,w.,herzner,
508,frank,hickman,r.
509,ernest,hilgard,r.
510,david,hill,a.
511,james,hill,w.
512,patricia,hill,
513,philip,hills,j.
514,starr,hiltz,r.
515,b.,hirsch,
516,william,hitt,d.
517,deborah,hix,
518,j.,hoc,m.
519,robert,hoffman,r.
520,chris,hoffmann,
521,monika,hoge,
522,erik,hollnagel,
523,clyde,holsapple,w.
524,frederick,holtz,
525,steven,holtzman,r.
526,gregory,homatas,
527,f.r.,hopgood,a.
528,h.,hoppe,u.
529,r.,horrocks,j.
530,william,horton,k.
531,jim,hoskins,
532,deirdre,howard - williams,
533,david,howell,c.
534,virginia,howlett,
535,jeffrey,hsu,
536,roland,huber,
537,darrell,huff,
538,m.,huhns,
539,edward,humphreys,j.
540,h.,hunt,allan
541,roger,hunt,
542,william,hunt,j.
543,a.,hurson,r.
544,d.,hussey,e.
545,david,hutchins,
546,jean,hutchins,
547,ursula,huws,
548,saundra,hybels,
549,darrel,ince,
550,antony,inglis,
551,john,iovine,
552,toni,ivergard,
553,james,jaccard,
554,anna,jackson,
555,peter,jackson,
556,richard,jackson,
557,jonathan,jacky,p.
558,eva,jacobsson,
559,jean-marie,jacquet,
560,dennis,jarrett,
561,frank,jay,
562,keith,jeffery,
563,fred,jennings,
564,he,jifeng,
565,m.,jirotka,
566,eric,johnson,f.
567,ingela,johnson,
568,p.,johnson,
569,yvonne,johnson,
570,ann,jones,
571,mark,jones,k.
572,marlene,jones,
573,oliver,jones,
574,robin,jones,
575,philippe,jorrand,
576,salme,jussila,
577,jeffrey,jutai,
578,jules,kadish,e.
579,leslie,kaelbling,pack
580,james,kajiya,t.
581,roy,kalawsky,s.
582,abraham,kandel,
583,nick,kanopoulos,
584,barry,kantowitz,h.
585,deborah,kaplan,
586,robert,kaplan,m.
587,d.,karagiannis,
588,john,karat,
589,dale,karolak,walter
590,waldemar,karwowski,
591,joe,kasser,
592,irvin,katz,r.
593,arie,kaufman,
594,anthony,kaye,r.
595,brian,kaye,h.
596,greg,kearsley,
597,keith,keen,
598,ulf,keijer,
599,peter,keller,r.
600,david,kelso,p.
601,thomas,kempnep,
602,kenneth,kendall,e.
603,george,kennedy,
604,sean,kenny,
605,brian,kernighan,w.
606,tarek,khalil,m.
607,oussama,khatib,
608,gregor,kiczales,
609,tim,kientzle,
610,won,kim,
611,sue,king,
612,todd,king,
613,j.,kirakowski,
614,m.,kirby,a.r.
615,samuel,kirk,a.
616,david,kirsh,
617,barry,kirwan,i.
618,b.,kitous,
619,mary,kittredge,
620,lars,kjelldahl,
621,gerhard,klause,
622,e.,klein,
623,mark,klein,
624,edmund,klemmer,
625,f.,klix,
626,shiz,kobara,
627,alfred,kobsa,
628,fumio,kodama,
629,john,koegel buford,f.
630,jurgen,koenemann-belliveau,
631,franz,koller,
632,janet,kolodner,
633,piet,kommers,m.
634,j.,komorowski,
635,dimitris,kontoudis,
636,c.,kooij,
637,philip,kotler,
638,a.,koutsoyiannis,
639,james,kowal,a.
640,robbert,kraan,j.
641,harmen,kragt,
642,paul,krause,
643,erwin,kreyszig,
644,tove,kristiansen,
645,karl,kroemer,h.e.
646,ed,krol,
647,hans,kugler,jurgen
648,hans,kuppers,j.
649,raymond,kurzweil,
650,j.,kyle,g.
651,gunnar,kylen,
652,brian,ladd,c.
653,tomas,lagerwall,
654,m.,laires,f.
655,susanne,lajoie,p.
656,gerhard,lakemeyer,
657,leslie,lamport,
658,christopher,lampton,
659,a.,lamsweerde,
660,duncan,langford,
661,mary,langhorne,jo
662,anthony,langton,
663,mark,lansdale,w.
664,l.,larijani,casey
665,jill,larkin,h.
666,jean,lassez,louis
667,roy,latham,
668,kenneth,laudon,c.
669,ron,laughery,
670,brenda,laurel,
671,jean louis,lauriere,
672,robert,lawler,w.
673,richard,layard,
674,t. van,le,
675,martin,lea,
676,byeong,lee,gi
677,jae,lee,kyu
678,john,lee,
679,kathy,lee,s.
680,w.,lee,r.
681,derek,leebaert,
682,jan,leeuwen,van
683,william,leigh,e.
684,seymour,lemeshow,
685,enrica,lemut,
686,maurizio,lenzerini,
687,dayle,levine,
688,john,levine,
689,lisa,levine,j.
690,douglas,lewin,
691,paul,licker,s.
692,m.,life,andrew
693,vladimir,lifschitz,
694,peter,lindsay,h.
695,jan,lindstrom,
696,gardner,lindzey,
697,arthur,lippiatt,g.
698,gary,little,
699,witold,litwin,
700,jorge,lobo,
701,j.,long,
702,dennis,longley,
703,g.,longworth,
704,pericles,loucopoulos,
705,ray,loveridge,
706,e.,lovesey,j.
707,henry,lucas,c.
708,paul,luff,
709,fred,lundin,j.
710,margita,lundman,
711,daniel,lynch,c.
712,paul,lynn,a.
713,michael,lyu,r.
714,carole,mablekos,m.
715,lindsay,macdonald,
716,l.,maciaszek,a.
717,wendy,mackay,e.
718,frank,maddix,
719,pattie,maes,
720,j.,maeseneer,de
721,c.,magnee,w.m.
723,m.,maguire,c.
724,ann,maher,
725,ann,majchrzak,
726,john,major,
727,john,malpas,
728,steven,mandell,l.
729,michael,mandelstam,
730,ellen,mandinach,b.
731,jason,manger,j.
732,bryan,manly,f.j.
733,marilyn,mantei,m.
734,david,marca,
735,aaron,marcus,
736,mary,marlborough lodge,
737,c.,brown,"marlin ""lin"""
738,catherine,marsh,
739,garry,marshall,
740,george,marshall,r.
741,graham,martin,
742,james,martin,
743,w.,martin,
744,abraham,maslow,h.
745,michael,masuch,
746,yuij,masuda,
747,carol,mathews,a.
748,geoffrey,matthews,
749,nelson,mattos,m.
750,mark,maybury,t.
751,laurance,mayer,
752,roxanna,mayer-johnson,
753,deborah,mayhew,j.
754,ray,mcaleese,
755,eugene,mcdonald,t.
756,karen,mcgraw,l.
757,patrick,mckeown,g.
758,james,mckinney,d.
759,c.,mcknight,
760,william,mcleod,t.
761,thomas,mcmahon,a.
762,dennis,mcmahon,james
763,kenneth,mcmillan,l.
764,shirley,mcnaughton,
765,patrick,mcneill,
766,margaret,mcphee,
767,r.,mead,
768,d.,meadows,h.
769,stuart,mealing,
770,a.,meelhuijsen,e.
771,david,meister,
772,william,mendenhall,
773,philip,metzger,
774,bertrand,meyer,
775,david,meyer,e.
776,jean-arcady,meyer,
777,john,michon,a.
778,elaine,miles,
779,t.,miles,r.
780,ingalill,miller,
781,steve,miller,
782,d.,millington,
783,daniel,minoli,
784,barbara,minto,
785,anil,mital,
786,hunter,mitchell,d.
787,melanie,mitchell,
788,robert,moll,n.
789,karl-heinrich,moller,h.
790,morten,moller,
791,fabian,monds,
792,b.,monien,
793,leonor,moniz pereira,
794,andrew,monk,
795,moira,monteith,
796,diane,montgomery,
797,g.de,moor,
798,neville,moray,
799,ralph,morelli,
800,kevin,morgan,
801,katharina,morik,
802,sarah,morley,
803,brian,morris,
804,mano,morris,m.
805,peter,morris,
806,mike,morrison,
807,chris,morton,
808,ronald,mourant,r.
809,r.,moyse,
810,stephen,muggleton,
811,james,mulick,a.
812,elisabeth,muller,
813,nathan,muller,j.
814,enid,mumford,
815,harry,murphy,j.
816,dianne,murray,m.
817,linda,murray,a.
818,brad,myers,a.
819,lary,myers,l.
820,renee,myers,
821,john,mylopoulos,
822,h.,nagle,troy
823,joan,nagle,g.
824,ajit,narayanan,
825,lisa,neal,
826,massimo,negrotti,
827,dorothy,nelkin,
828,ramakant,nevatia,
829,paul,newbold,
830,william,newman,m.
831,raymond,nickerson,s.
832,jakob,nielsen,
833,jack,nilles,m.
834,michael,noll,a.
835,donald,norman,a.
836,kent,norman,l.
837,kageyu,noro,
838,d.,norrie,h.
839,peter,norton,
840,miguel,nussbaum,
841,hyacinth,nwana,sama
842,harry,nystrom,
843,thomas,o'brien,g.
844,ken,o'connell,
845,lisa,o'conner,
846,barry,o'shea,
847,tim,o'shea,
848,sean,o siochru,
849,brian,oakley,
850,david,oborne,j.
851,val,occardi,
852,piergiorgio,odifreddi,
853,phil,odor,
854,k.,olesen,g.
855,armando,oliveira,
856,dick,oliver,
857,w.,olphert,
858,dan,olsen,r.
859,gary,olson,m.
860,a.,oppenheim,n.
861,a.,orlando,
862,andrew,ortony,
863,adam,osborne,
864,hubert,osterle,
865,herbert,oyer,j.
866,karl,ott,w.
867,richard,owen,
868,elizabeth,oxborrow,
869,uday,pabrai,o.
870,andreas,paepcke,
871,michael,paetsch,
872,meilir,page-jones,
873,anastasia,pagnoni,
874,gregory,panos,peter
875,joe,pantuso,
876,m.,papazoglou,
877,f.,papenmeier,h.
878,seymour,papert,
879,chan,park,s.
880,kyung,park,s.
881,marilyn,parker,m.
882,sybil,parker,p.
883,andrew,parkes,m.
884,kamran,parsaye,
885,derek,partridge,
886,christopher,pass,
887,teo,pavlidis,
888,edmund,payne,c.
889,brian,peacock,
890,john,peatman,b.
891,l.,pecchia,
892,antonio,pedotti,
893,bjorn,pehrson,
894,fernando,pereira,c.n.
895,leonor,pereira,m.
896,luis,pereira,moniz
897,gary,perlman,
898,leonard,perlman,g.
899,lucy,petrovich,
900,gunther,pfaff,e.
901,frank,pfenning,
902,hoang,pham,
903,kathryn,phillips,e.
904,gregory,piatetsky-shapiro,
905,rachel,pilkington,m.
906,ken,pimentel,
907,catherine,plaisant,
908,paymond,plant,
909,thomas,plum,
910,i.,placencia-porrero,
911,michael,posner,i.
912,ted,pottage,
913,a.,poulton,s.
914,philip,pratt,j.
916,jessica,presperin,j.
917,william,press,h.
918,jonathan,price,
919,mark,pridham,
920,ruben,prieto-diaz,
921,david,pritty,
922,john,proakis,g.
923,j.,pustejovsky,
924,lawrence,rabiner,r.
925,roy,rada,
926,mohamed,rafiquzzanman,
927,dave,raggett,
928,jenny,raggett,
929,mansour,rahimi,
930,anthony,ralston,
931,s.,ramani,
932,s.,rao,
933,jens,rasmussen,
934,susannah,ravden,
935,william,ray,j.
936,j.,regian,wesley
937,han,reichgelt,
938,donald,reifer,j.
939,c.,reigeluth,m.
940,harald,reiterer,
941,jeffrey,richardson,j.
942,simon,richardson,
943,mark,richer,h.
944,linda,richman,g.
945,steve,rimmer,
946,annke,rimrott,
947,mario,rinvolucri,
948,lance,rips,j.
949,john,riski,e.
950,ron,ritchie,
951,frank,ritter,e.
952,patrick,rivett,
953,j.,roberts,w.
954,nancy,roberts,
955,david,robertson,
956,graeme,robertson,
957,ian,robertson,
958,sally,robertson,a.
959,scott,robertson,p.
960,patrick,roe,r.w.
961,m.,roebroeck,e.
962,jacques,roey,van
963,f.,roger,h.
964,len,rogers,
965,stephen,rogers,
966,yvonne,rogers,
967,roberto,ronchi,
968,gordon,rose,k.
969,larry,rosenberg,j.
970,jonathan,rosenberg,
971,nathan,rosenberg,
972,richard,rosenberg,s.
973,sheldon,rosenberg,
974,paul,rosenbloom,s.
975,jeffrey,rosenschein,s.
976,a.,rosie,m.
977,michael,rothstein,
978,n.,roulet,
979,william,rouse,b.
980,neil,rowe,c.
981,antonio,ruberti,
982,richard,rubinstein,
983,james,rumbaugh,
984,cathy,rundle,
985,c.,ryan,g.
986,devendra,sahal,
987,robert,saldarini,a.
988,felix,saltor,
989,gavriel,salvendy,
990,mark,sanders,s.
991,jim,sandhu,s.
992,darrell,sano,
993,jack,sarney,r.
994,richard,satava,m.
995,peter,saunders,
996,antonios,savidis,a.
997,eileen,scanlon,
998,bruce,schachter,j.
999,martin,schader,
1000,robert,scheifler,w.
1001,christopher,schmandt,
1002,j.,schmidt,w.
1003,matthias,schneider-hufschmidt,
1004,judy,schrag,
1005,r.,schrijver,w.r.
1006,douglas,schuler,
1007,roger,schvaneveldt,w.
1008,mischa,schwartz,
1009,peter,scrimshaw,
1010,robert,sedgewick,
1011,james,senn,a.
1012,r.,serra,
1013,brian,shackel,
1014,mike,sharples,
1015,haydn,shaughnessy,
1016,gary,shelly,b.
1017,mary,sheridan,d.
1018,thomas,sheridan,b.
1019,sol,sherr,
1020,stuart,shieber,m.
1021,ben,shneiderman,
1022,yoav,shoham,
1023,michael,shortland,
1024,margaret,shotton,a.
1025,sidney,siegel,
1026,janet,silver,
1027,barry,silverman,g.
1028,alan,simon,r.
1029,g.,simons,l.
1030,rosemary,simpson,
1031,indu,singh,b.
1032,munindar,singh,p.
1033,chris,singleton,
1034,jelle,sjoerdsma,
1035,theodoros,skountzos,a.
1036,d.,sleeman,
1037,roelf,sluman,
1038,h.,smith,t.
1039,jerry,smith,d.
1040,michael,smith,j.
1041,wanda,smith,j.
1042,jan,snel,
1043,alan,solomon,
1044,robert,solso,l.
1045,ian,sommerville,
1046,v.,soriano,
1047,tamara,sowell,t.
1048,otto,spaniol,
1049,dan,spear,
1050,stephen,spencer,n.
1051,natassa,spiridou,
1052,ralph,sprague,h.
1053,lee,sproull,
1054,william,stallings,
1055,tony,stanley,
1056,kay,stanney,m.
1057,neville,stanton,
1058,brian,steel,d.
1059,richard,steele,d.
1060,barry,stein,e.
1061,charles,steinfield,
1062,j.,stender,
1063,l.,stenger,
1064,constantine,stephanidis,
1065,nancy,stern,
1066,jim,sterne,
1067,roger,stevens,t.
1068,rodney,stewart,d.
1069,tom,stewart,
1070,edward,stohr,a.
1071,harold,stone,s.
1072,p.,stotts,david
1073,david,stout,f.
1074,thomas,strothotte,
1075,chris,struiksma,
1076,lucy,suchman,a.
1077,joseph,sullivan,w.
1078,phil,sully,
1079,alistair,sutcliffe,
1080,dag,svanaes,
1081,john,swain,
1082,will,swann,
1083,bohdan,szuprowicz,o.
1084,hiroshi,tamura,
1085,andrew,tanenbaum,s.
1086,d.,tansley,s.
1087,paivi,tapiovaara,
1088,deborah,tatar,
1089,michael,tauber,j.
1090,m.,taylor,m.
1091,r.,tennent,d.
1092,toby,teorey,j.
1093,walt,tetschner,
1094,stephen,tetzchner,von
1095,nadia,magnenat  thalmann,
1096,costantino,thanos,
1097,richard,thayer,h.
1098,charles,therrien,w.
1099,david,thielen,
1100,harold,thimbleby,
1101,john,thomas,c.
1102,robert,thomas,j.
1103,michael,thomson,
1104,simon,thomson,
1105,clas,thoren,
1106,michael,thorne,
1107,jan,thorner,
1108,christopher,thornton,
1109,a.,tjoa,min
1110,ronald,tocci,j.
1111,seldon,todd,p.
1112,stephen,todd,
1113,mario,tokoro,
1114,william,tolhurst,a.
1115,graziella,tonfoni,
1116,jose,torcato,
1117,julius,tou,t.
1118,david,travis,
1119,paul,trehin,
1120,jean-paul,tremblay,
1121,jemet,trotter,
1122,m.,truquet,
1123,allen,tucker,b.
1124,edward,tufte,r.
1125,jon,turner,
1126,kenneth,turner,j.
1127,rodney,turner,j.
1128,linda,tway,e.
1129,steinar,tyvand,
1130,jurgen,uhl,
1131,jeffrey,ullman,d.
1132,thomas,valovic,
1133,jean,vanderdonckt,
1134,gregg,vanderheiden,c.
1135,francisco,varela,j.
1136,kadamula,varghese,
1137,jerry,vaske,j.
1138,yannis,vassiliou,
1139,tay,vaughan,
1140,anna,ventura,d.
1141,michael,venturino,
1142,nikos,vernardakis,
1143,j.,verschuur,j.
1144,jean,vertut,
1145,eric,viardot,
1146,a.,vincent,t.
1147,lise,vislie,
1148,barrie,wade,
1149,yvonne,waern,
1150,herbert,walberg,j.
1151,jim,waldo,
1152,elizabeth,walis,
1153,errol,walker,
1154,henry,walker,m.
1155,john,walker,
1156,margaret,walker,
1157,phyllis,walker,
1158,clayton,walnum,
1159,w.,walsh,b.
1160,rob,walters,
1161,brian,ward,j.
1162,robert,ward,
1163,h.,warnock,m.
1164,mary,warnock,
1165,anne,warrick,
1166,brian,warrington,
1167,nancy,wartik,
1168,christopher,watkins,
1169,paul,watkins,r.
1170,des,watson,
1171,graham,watson,
1172,mark,watson,
1173,beryl,webber,
1174,alec,webster,
1175,john,webster,g.
1176,robert,weeks,a.
1177,guy,weets,
1178,b.,wehrens,
1179,gerald,weinberg,m.
1180,george,weir,r.s.
1181,joseph,weizenbaum,
1182,etienne,wenger,
1183,bob,werner,
1184,hannes,werthner,
1185,g.,weston,f.
1186,david,westwood,
1187,alan,wexelblat,
1188,david,wheeler,
1189,gill,whitney,j.
1190,christopher,wickens,d.
1191,roel,wieringa,j.
1192,michael,wiklund,e.
1193,floyd,wilder,
1194,bernard,williams,
1195,robin,williams,
1196,trevor,williams,a.
1197,brian,wilson,
1198,john,wilson,r.
1199,robin,wilson,j.
1200,richard,wilton,
1201,b.,winer,j.
1202,terry,winograd,
1203,lue de,witte,
1204,ian,witten,h.
1205,robert,woelfle,m.
1206,sheila,wolfendale,
1207,d.,wolfram,a.
1208,bernice,wong,y.l.
1209,ronald,wonnacott,j.
1210,allan,wood,
1211,jim,woodcock,
1212,wesley,woodson,e.
1213,john,woram,
1214,david,wright,
1215,masoud,yazdani,
1216,jaana,ylonen,
1217,edward,yourdon,
1218,douglas,young,a.
1219,e.,young,c.
1220,rodnay,zaks,
1221,gian,zarri,piero
1222,p.,zezula,
1223,j.d. van,zijverden,
1224,jose,zoreda,luis
1225,τάσος,ανθουλιάς,
1226,κ.,βαλεοντής,
1227,νίκος,βερναρδάκης,
1228,ειρήνη,βολιώτη-λεβαντή,
1229,νίκος,βρυώνης,η.
1230,παναγιώτης,γαρίδης,
1231,γεώργιος,ζευγώλης,
1232,ανδρέας,ζωγράφου,
1233,δημήτρης,ιατρίδης,σ.
1234,δ.,καλαμπαλίκης,
1235,ελένη,καλογήρου,
1236,αντώνης,κασσάνο,
1237,δ.,καραντινός,
1238,γεώργιος,καστρινάκης,δημ.
1239,βασίλης,κρικέτος,γ.
1240,μαρία,κωνσταντοπούλου,ι.
1241,νικόλαος,ουζούνογλου,κ.
1242,κ.,παπανδρέου,α.
1243,θωμάς,πρίφτης,ο.
1244,ολγα,στασινοπούλου,β.
1245,χρήστος,τότσης,ν.
1246,μαρία,φλωράτου,μ.
1247,γεώργιος,χαράμη,ε.
1248,j.,baker,e.
1249,r.,pengelly,m.
1250,t.,guillotin,
1251,,acm special interest groups,
1252,,acorn,
1253,,aldus corporation,
1254,,american association for artificial intelligence,
1255,,american educational research association,
1256,,american power conversion,
1257,,amice,
1258,,apple,
1259,,arbeitsgemeinschaft der deutschen,
1260,,artecon,
1261,,at&t,
1262,,audit commission and hmi,
1263,,autodesk,
1264,,bellcore,
1265,,borland,
1266,,canon,
1267,,central point software,
1268,,centre for educational research and innovation,
1269,,centrum voor wiskunde en informatica,
1270,,cneh,
1271,,cnr,
1272,,cognetics corporation,
1273,,commission of the european communities,
1274,,compaq,
1275,,computer resources international a/s,
1276,,corel corporation,
1277,,council for educational technology,
1278,,"creative labs, inc.",
1279,,"crystal river engineering, inc.",
1280,,ics forth,
1281,,danish centre,
1282,,department for education,
1283,,department of defense handbook,
1284,,department of education and science,
1285,,department of education services,
1286,,"dfi, inc.",
1287,,economic commission for europe,
1288,,eicon technology corporation,
1289,,european commission,
1291,,forschungsgruppe inform,
1292,,fundesco,
1293,,genoa systems corporation,
1294,,hampden data services,
1295,,helios programme,
1296,,hewlett-packard company,
1297,,hmi,
1298,,hyundai,
1299,,ibm,
1300,,icap,
1301,,icta information centre,
1302,,iee,
1303,,ifmbe,
1304,,imc networks corp.,
1305,,institut fur theoretische nachrichtentecnik,
1306,,intel corporation,
1307,,"intellicorp, inc.",
1308,,international business machines,
1309,,international business machines corp.,
1310,,ispo,
1311,,j & g consultants,
1312,,johnson & reichard,
1313,,kernighan & plauger,
1314,,macromedia,
1315,,maynard electronics,
1316,,micro logic,
1317,,microcom,
1318,,microsoft,
1319,,mit,
1320,,n.a.c.e.d.p.,
1321,,national curriculum council,
1322,,"nec technologies, inc.",
1323,,nottinghamshire country council,
1324,,"novell, inc.",
1325,,ontario crippled children's centre,
1326,,ote-ελοτ,
1327,,"pocket soft, inc.",
1328,,polhemus incorporated,
1329,,prolog development center a/s,
1330,,que corporation,
1331,,race,
1332,,rad data communications,
1333,,resna,
1334,,sas institute inc.,
1335,,sense8 corporation,
1336,,spea graphiti serie,
1337,,speech systems,
1338,,steering group,
1339,,stichting mathematish centrum (smc),
1340,,summagraphics corporation,
1341,,"sun microsystems, inc.",
1342,,sunpro,
1343,,sunsoft,
1344,,symantec corporation,
1345,,technical research centre of finland,
1346,,telindus institute,
1347,,the design council,
1348,,the hugh macmillan medical center,
1349,,the national software centre,
1350,,the nordic committee on disability,
1351,,the santa cruz operation,
1352,,toolrange,
1353,,training agency,
1354,,virtual technologies,
1355,,wordperfect,
1356,,world health organization,
1357,,δούκα,
1358,,ελληνική εταιρεία επιστημόνων η/υ & πληροφορικής,
1359,,επιτροπή για τα δικαιώματα των αναπήρων,
1360,,επιτροπή των ευρυπαϊκών κοινοτήτων,
1361,,επιτροπή των ευρωπαϊκών κοινοτήτων,
1362,,ευρωπαϊκή επιτροπή,
1363,,ιντρακομ,
1364,,τεγοπουλος-φυτρακης,
1365,,υπουργείο εθνικής παιδείας & θρησκευμάτων,
1366,,υπουργείο περιβάλλοντος χωροταξίας,
1368,kai,olsen,a.
1369,suny,strong,
1370,suny,brook,strong
1371,wolfgang,krueger,
1372,caroline,wise,
1373,hans,bergsten,
1374,ake,olsson,
1375,a.,saba,
1376,g.,tartara,
1377,e.,tesio,
1378,tina,detheridge,
1379,j.,ziegler,e.
1380,hans,schmid,albrecht
1381,michael,sfyrakis,
1382,gerhard,weber,
1383,carol,wierzbicki,
1384,craig,rodkin,
1385,vicki,rosenzweig,
1386,betty,anselowitz,
1387,angelica,unson,
1388,,acm special interest group,
1389,,acm sighci,
1390,a.,klose,
1391,philip,winne,h.
1392,thomas,kuhme,
1393,uue,malinowski,
1394,silvia,pfleger,
1395,jean-paul,lefevre,
1396,peter,buneman,
1397,m.,ozdu,tamer
1398,alexandros,biliris,
1399,timos,sellis,
1400,jarice,hanson,
1401,r.,bittleston,
1402,kenneth,owen,
1403,b.,carroll,d.
1404,j.,irwin,david
1405,richard,bunt,b.
1406,homer,johnson,h.
1407,michael,arbib,a.
1408,a.,kfoury,j.
1409,michel,chirouze,
1410,jonathan,killin,l.
1411,lise,land,
1412,tim,mulhall,
1413,robert,taylor,m.
1414,david,porter,
1415,jean,kerr,
1416,sue,whitehead,
1417,roberta,williams,
1418,tore,risch,
1419,bruce,christie,
1420,k.,hussain,m.
1421,joost,breuker,
1422,jacobijn,sandberg,
1423,john,brown,seely
1424,james,greeno,
1425,william,bains,
1426,benedict,du boulay,
1427,magnus,florin,
1428,j.,talmon,l.
1429,,acm sigcaph,
1430,susan,hussey,m.
1431,marian,hall,
1432,sylvan,kornblum,
1433,m.,jourdan,
1434,serge,abiteboul,
1435,eli,shamir,
1436,jock,mackinlay,
1437,joe,marks,
1438,edouard,sachot,
1439,jennifer,condon,
1440,rae,montor,
1441,aubrey,mckennell,
1443,michael,tobin,
1444,judie,barlow,
1445,margrit,beesley,
1446,rosemarie,brewer,
1447,mario,camporargo,
1448,nikos,karatzas,
1449,fiona,williams,
1450,minho,kang,
1451,jonghee,lee,
1452,johan,de kleer,
1453,klaus,boehm,
1454,maurice,geller,
1455,john,baldock,
1456,bleddyn,davies,
1457,adalbert,evers,
1458,lennarth,johansson,
1459,martin,knapen,
1460,mats,thorslund,
1461,catherine,tunissen,
1468,r.,macario,c.v.
1469,john,whiteside,
1470,judith,olson,s.
1471,john,bennett,
1472,gene,lynch,
1473,hugh,cline,
1474,bobby,martyna,
1475,wayne,zachary,
1476,john,black,b.
1477,valerie,shute,j.
1478,a.,whitefield,
1482,d.,bouwhuis,g.
1483,tom,bosser,
1484,g.,d' ydewalle,
1485,giuliana,dettori,
1486,david,jonassen,h.
1487,j.,mayes,terry
1488,chappell,brown,
1489,richard,weaver ii,l.
1490,daniel,thalmann,
1491,jon,slack,
1492,oliviero,stock,
1493,g.,zanarini,
1494,s.,banathy,h.
1495,j.,olson,r
1496,gordon,plotkin,
1497,a.,grenaidy,m.
1498,s.,asfour,s.
1499,ruth,chabay,w.
1500,m.,linn,c.
1501,h.,mandl,
1502,l.,verschaffel,
1503,rolf,lindner,
1504,ernst,schlechtendahl,g.
1505,h.-w.,six,
1506,ken,freeman,
1507,andries,van dam,
1508,john,hughes,f.
1509,a.,lister,
1510,r.,thomas,c.
1511,john,perron,d.
1512,john,shelley,
1513,nigel,gilbert,
1514,david,frohlich,
1515,william,manning,
1516,sharon,derry,j.
1517,roland,wagner,
1518,wolfging,zagler,
1519,robert,stern,a.
1520,erlend,stav,
1521,patrick,poom,
1522,peter,head,
1523,robert,zicari,
1524,steve,richardson,
1525,sara,kiesler,
1526,alan,mackworth,k.
1527,alain,colmerauer,
1528,stephen,smoliar,v.
1529,mark,stefik,j.
1530,clarence,ellis,
1531,rob,kling,
1532,m.,jarke,
1533,stephen,glaister,
1534,richard,leblanc,j.
1535,corey,sandler,
1536,thomas,ward,b.
1537,steven,smith,m.
1538,jay,liebowitz,
1539,young,chae,moon
1540,robert,kraut,
1541,colston,sanger,
1542,p.,dufour,
1543,david,king,r.
1544,lynne,fyggans,
1545,lynne,feagans,
1546,carl-johan,bruner,
1547,ralph,gonzalez,c.
1548,th.,ottmann,
1549,paul,curran,
1550,joseph,adamski,j.
1551,hugh,watson,j.
1552,thomas,wood,
1553,carlo,tasso,
1554,morten,king,
1555,morten,kyng,
1556,mitsuo,nagamachi,
1557,h.,maule,g.
1558,j.,weiner,s.
1560,joost,lowyck,
1561,cynthia,solomon,
1562,laura,camuti,
1563,peter,holfelder,
1564,robert,mcarthur,c.
1565,joelle,coutaz,
1566,william,manser,
1567,michael,shain,
1568,sylviane,granger,
1569,helen,swallow,
1570,paul,wintz,
1571,leslie,lundquist,
1573,sue,schuon,
1574,vic,finkelstein,
1575,sally,french,
1576,mike,oliver,
1577,robert,keinath,
1578,guillermo,arango,
1579,stig,franzen,
1580,bill,watkins,
1581,,isaac,
1582,,isek,
1583,,irv,
1584,robert,muetzelfeldt,
1585,thomas,wonnacott,h.
1586,bryan,lowes,
1587,leslie,davies,
1588,donald,kinser,l.
1589,richard,slaughter,
1590,jere,brophy,e.
1591,margaret,ellis,
1592,judith,male,
1593,m.,corbett,
1594,jim,brodie,
1595,jan-peter,stromgren,
1596,willis,tompkins,j.
1597,donald,christiansen,
1598,mahdi,abdelguerfi,
1599,simon,lavington,
1600,thomas,moyer,g.
1601,edwin,"reilly, jr",d.
1602,fernando,colon osorio,c.
1603,h.,kroemer,j.
1604,k.,kroemer-elbert,e.
1605,vram,kouramajian,
1606,bernhard,thalheim,
1607,ernest,teniente,
1608,fausto,rabitti,
1609,fosca,gianntti,
1611,michele,missikoff,
1612,ettore,ricciardi,
1613,brian,isle,a.
1614,ginny,ju,
1615,christofer,koch,g.
1616,stephen,metz,v.
1617,robin,penner,
1618,li,wang,
1619,john,ward,
1620,d.r.,holmes,j.
1621,b.,weerdmeester,
1622,mia,vereczkei,
1623,m.,astis-dato,
1624,lars bo,steffensen,
1625,lars,malgrem-hansen,
1626,leo,jensen,
1627,finn,gronskov,
1628,lars,jacobsen,h.
1629,henrik,zangenberg,
1630,michael,alexander,
1631,v.,ousik,
1632,v.,stepanov,
1633,o.,shuina,
1634,,lorenz,
1635,eneko,landaburu,
1636,carmo,moreno,
1637,renzo,andrich,
1638,harry,knops,
1639,liesbeth,pyfers,
1640,petra,roben,
1641,marti,parker,
1642,susan,forsberg,
1643,graham,johnson,
1644,e. nigel,corlett,
1645,eva,bjorck-akesson,
1646,d.,biehl,
1647,u.,bozzo,
1648,e.,economou,
1649,n.,segal,
1650,m.,wieviorka,
1651,w.,zegveld,
1652,william,latham,
1653,mark,chignell,
1654,gary,riley,
1655,b.,cahour,
1656,h.,chappel,
1657,p.,chatellier,
1658,s.,fox,
1659,j.,cunningham,
1660,s.,lambert,
1661,j.,quemeneur,y.
1662,g.,wickler,
1663,alan,huyton,
1664,gabriele,vob,
1665,suzanne,easton,
1666,laks,lakshmanan,v.s
1667,f.,sadri,
1668,jack,minker,
1669,arcot,rajasekar,
1670,bernhard,nebel,
1671,tariq,rahman,
1672,wiliam,harwin,s.
1673,stewart,wilson,w.
1674,allyson,cass,
1675,j.,kelemen,
1676,r.w.,scarr,a.
1677,daniela,weinberg,
1678,e.,hillebrand,
1679,j.,kingdon,
1680,jan,graafmans,a.m.
1681,ann,becherer,
1682,laura,brenner,
1683,gray,wayne,d.
1684,barry,joe,
1685,richard,bartels,
1686,john,watkins,j.
1687,g.a.,tops,j.
1688,geoffrey,bock,
1689,janet,whitcut,
1690,samuel,charlton,g.
1691,julie,wilkinson,
1693,peter,wright,
1694,lori,hood,
1695,klaus-peter,faehnrich,
1696,miwako,doi,
1697,hiroshi,hamada,
1698,hirohiko,mori,
1699,katsuhiko,ogawa,
1700,susumu,saito,
1701,yoko,osaku,
1702,akira,takeuchi,
1703,margaret,galet,
1704,bryan,murray,
1705,colette,nicolle,
1706,peter,reid,
1707,nick,rousseau,
1708,m.,ladeira,j.
1710,henry,korman,
1711,timothy,whalen,
1712,jenny,lam,
1713,ian,alexander,
1714,robert,williges,c.
1715,d.,gilmore,
1716,henning,andersen,b.
1717,niels,bernsen,ole
1718,juri,gornostaev,
1719,glaus,unger,
1720,janet,finlay,
1721,gregory,abowd,
1722,russell,beale,
1723,manfred,tscheligi,
1724,robert,kinkade,g.
1725,michael,schneider,l.
1726,susan,dumais,
1727,robert,mack,
1728,linn,marks,
1729,mary,rosson,beth
1730,victoria,bellotti,
1731,robin,jeffries,
1732,kevin,mullet,
1733,austin,henderson,
1734,ted,white,
1735,ernest,mccormic,j.
1736,h.,hendrick,w.
1737,daniel,rosenberg,j.
1738,georgia,green,k.
1739,michael,wogalter,s.
1740,robert,sorkin,d.
1741,t.r.g.,green,
1743,dave,farkas,
1744,catherine,green,
1745,jennifer,horner,
1746,j.,goetz,a.
1747,j.,haber,
1748,l.,davenport,
1749,c.,alberti,
1750,scott,raeburn,
1751,lesley,beddie,
1752,charles,nicholas,k.
1753,yelena,yesha,
1754,robert,benson,j.
1755,h.,trainor,e.
1756,paul,ledington,w.j.
1757,isabella,gagliari,
1758,anna,rampini,
1759,w.,lenski,
1760,m.,richter,m.
1761,ben,konsynski,r.
1762,michael,ginzberg,j.
1763,randal,schultz,l.
1764,carol,traver,guercio
1765,jane,laudon,price
1766,frank,gregory,
1767,alan,brier,
1768,daniele,nardi,
1769,maria,simi,
1770,philip,klahr,
1771,jean,haigh,
1772,h.p.,krammer,m.
1773,j.j.g,van merrienboer,
1774,bernhard,trefz,
1775,anthony,gordon,
1776,marc,de vries,
1777,,acm sigcse/sigcue,
1778,frans,meijer,
1779,j.,gallop,r.
1780,d.,sutcliffe,c.
1781,nora,ferro,
1782,jim,cornway,
1783,ruth,loomis,
1784,sue,rood,
1785,barbara,wilcox,
1786,john,mcdonell,
1787,heidi,rose,
1788,tomas,bellamy,
1789,carmen,edigo,
1790,setrag,khoshafian,
1791,harry,wong,
1792,curtis,hall,
1793,john,richardson,t.e.
1794,marjorie,defries,j.
1795,gilles,gauthier,
1796,sherman,tyler,w.
1797,john,vince,
1798,duncan,gillies,
1799,frans,coninx,
1800,jan,noyes,
1801,karen,morgan,
1802,hans,sieburg,b.
1803,rudy,mattheus,
1804,jens,christensen,p.
1805,elizabeth,mynatt,
1806,robert,jacob,j.k
1807,bonnie,john,e.
1808,danna,beith,m.
1809,barry,beith,h.
1810,jean-claude,rault,
1811,c.,schlageter,
1812,,"acm sigir, iss (institute of systems science national) university of singapore",
1813,david,andersen,
1814,ralph,deal,
1815,michael,garet,
1816,william,shaffer,
1817,philip,wadler,
1818,paul,mayes,
1819,richard,atkinson,c.
1821,helen,sharp,
1822,mark,woodman,
1823,dennis,sweeney,j.
1824,thomas,williams,a.
1825,richard,young,m.
1826,claudia,braun,
1827,jaap,hoepelman,
1828,renate,mayer,
1829,a.,pereira,sousa
1830,steve,cummings,
1831,n.,heaton,o.
1832,yi-tzuu,chien,
1833,alexander,blount,
1834,stephen,wrobel,
1835,jorg-uwe,kietz,
1836,werner,emde,
1837,jeffrey,btradshaw,m.
1838,jeffrey,bradshaw,m.
1839,g.,boy,
1840,m.,linster,
1841,j.-g.,ganascia,
1842,y.,kodratoff,
1843,karen,harbison-briggs,
1844,r.,chandrasekar,
1845,k.s.r.,anjaneyulu,
1846,frank,land,
1847,gordon,miller,
1848,c.,hayball,c.
1849,william,frawley,j.
1850,dave,hellens,
1851,m.,elsom-cook,t.
1852,hector,levesque,j.
1853,raymond,reiter,
1854,laszlo,polos,
1855,wolfgang,gaul,
1856,w.,abbeduto,
1857,duane,bibby,
1858,judy,howard,
1859,mervyn,bennum,
1860,john,self,
1861,s.,shermis,samuel
1862,clive,carre,
1863,russel,berube jr,j.
1864,kristina,hooper,
1865,s.,bergler,
1866,roxanna,johnson,
1867,frank,van harmelen,
1868,albert,visser,
1869,anil,nerode,
1870,j.,de bakker,w.
1871,j.j.m.m.,rutten,
1872,stanley,fischer,
1873,trevor,bench-capon,
1874,norberrt,streitz,a.
1875,h.,wandke,
1876,i.,vlaeminke,
1877,f.j.,vlaskamp,m.
1878,m.,soede,
1879,william,ferrell,r.
1880,bulent,bayraktar,a.
1881,john,boddie,
1882,david,walker,
1883,m.,main,
1884,a.,melton,
1885,m.,mislove,
1886,d.,schmidt,
1887,alfredo,moscardini,o.
1888,charles,van loan,f.
1889,m.,kuhn,h.
1890,jim,muncey,
1891,lavonne,carlson-tinnerty,
1892,d.,ackermann,
1893,richard,watson,t.
1894,z.,ras,w.
1895,l.h.v.,van der woude,
1896,r.,rozendal,h.
1897,mark,ackerman,s.
1898,john,craig,j.
1899,tomas,lozano-perez,
1900,jim,des rivieres,
1901,j.,finlay,e.
1902,f.,veltman,
1903,wolfgang,wahlster,
1904,p.,macconail,a.
1905,j.,bastos,
1906,dominic,clark,
1907,al,mullery,
1908,norbert,niebert,
1909,b.,woll,
1910,david,morgan,l.
1911,david,stewart,w.
1912,prem,shamdasani,n.
1913,richard,krueger,a.
1914,e.v.c,fielding,
1915,k.,robinson,
1916,a.,williams,s.
1917,s.,harker,
1918,austin,lesea,
1919,w.,miller brown,
1920,dina,anselmi,
1921,karl,haberlandt,
1922,dan,lloyd,
1923,maria,fahlen,
1924,sven-hakan,nilsson,
1925,andrew,rutherford,
1926,peter,bibby,a.
1927,paula,ferguson,m.
1928,robert,frager,
1929,james,fadiman,
1930,cynthia,mcreynolds,
1931,alex,verrijn-stuart,
1932,michael,huhns,n.
1933,m.,bright,w.
1934,s.,paksad,h.
1935,mark,sherman,
1936,ann,marks,
1937,jaap,akkerhuis,
1938,roger,dannenberg,b.
1939,simon,holland,
1940,dionysios,tsichritzis,c.
1941,f.,kappe,
1942,alan,smith,
1943,,mbe,
1944,,fipm,
1945,,fbim,
1946,,finstd,
1947,n.,moreira,
1948,a.,tomas,p.
1949,barbara,grosz,j.
1950,charles,butler,
1951,christoph,van der malsburg,
1952,donald,low,r.
1953,caroline,barr,
1954,geofrey,dudley,a.
1955,leome,burfield,a.
1956,ann,sullivan,arnold
1957,monroe,berkowitz,
1958,a.,stogny,a.
1959,k.,jantke,p.
1960,p.,schmitt,h.
1961,jean-claude,speradio,
1962,t.,wong,w.
1963,mark,keane,
1964,tim,rajan,
1965,saul,teukolsky,a.
1966,william,vetterling,t.
1967,brian,flannery,p.
1968,poh,lee tan,
1969,remo,pareschi,
1970,john,smart,d.
1971,michael,blaha,
1972,william,premerlani,
1973,frederic,eddy,
1974,wiiliam,lorensen,
1977,anthony,o'reilly,j.f.
1978,michael,clancy,
1979,michael,clancy,
1980,brad,mehlenacher,
1981,james,palmer,e.
1982,grace,russoniello,
1983,richard,ulrych,
1984,aki,namioka,
1985,andrew,imada,s.
1986,finn,gronskov,
1987,henrik,prebensen,
1988,jim,bean,
1989,s.,guest,
1990,fernando,leal,
1991,rene,branton,
1992,patricia,shipley,
1993,g.,santucci,
1994,mary,kaiser,
1995,arthur,grunwald,
1996,duncan,smeed,
1997,peter,barrie,
1998,marilu,mccarty,
1999,robert,sproull,f.
2000,jan,engelen,
2001,kai-mikael,jaa-aro,
2002,j.,nanard,
2003,m.,nanard,
2004,d.,paolini,
2005,christine,neuwith,
2006,mogens,wiederholt,
2007,maria,costabile,f.
2008,stefano,levialdi,
2009,tim,swihart,
2010,runnoe,conally,
2011,,tecnology foresight,
2012,george,rodda,
2013,henrik,jacobsen,kofoed
2014,leif,jakobsen,kvistgaard
2015,ann,stewart,l.
2016,yannis,kasmeridis,
2017,george,vareltzis,
2018,herbert,simon,a.
2019,h.,bocker,d.
2020,kariheinz,kautz,
2021,karin,kuhlenkamp,
2022,dennis,saccuzzo,p.
2023,calvin,hall,s.
2024,richard,thompson,f.
2025,r.,samurgay,
2026,j.,bornschein,
2027,s.,haataja,
2028,jill,eastman,
2029,alan,moseley,
2031,bas,de bruijn,
2032,elaine,cannon,
2033,william,buxton,a.s.
2034,andrew,whinston,b.
2035,morris,milner,
2036,julie,revzani,
2037,fraser,shein,
2038,brad,smith,
2039,steve,naumann,
2040,reinhard,schuller,
2041,ray,robertson,
2042,i.,placencia-porrero,
2043,ramon puig,de la bellacasa,
2044,piers,burnett,
2045,w.,valder,
2046,henrik,stubb,
2047,j.,goguen,
2048,nick,heenan,
2049,,team of the cec,
2050,eddie,murphy,
2051,peter,wegner,
2052,akinori,yonezawa,
2053,c.,peuleve,a.
2054,e.,gould,
2055,david,nachias,
2056,hideharu,amano,
2057,harry,friedman,
2058,marty,carlson,
2059,william,gerrey,
2060,a.,leitsch,
2061,t.,tammet,
2062,n.,zamov,
2063,c.s.g.,lee,
2064,giulio,sandini,
2065,patrick,aebischer,
2066,gilad,zlotkin,
2067,l.,carpenter,a.
2068,jerzy,cytowski,
2069,jean-paul,krivine,
2070,reid,simmons,
2071,christine,helms,
2072,d.,mauroidis,
2073,m.,theothoridou,
2074,d.,daskalakis,
2075,p.,klimathianakis,
2076,n.,prekas,
2077,clark,dodsworth,
2078,linda,branagan,
2079,jean,ippolito,
2080,ken,musgrave,
2081,warren,waggenspack,
2082,david,blatner,
2083,r.,england,
2084,cary,phillips,b.
2085,lynn,webber,
2086,bonnie,webber,lynn
2087,caren,narborough-hall,s.
2088,w.,hamilton,ian
2089,jose,oton,manuel
2090,steven,sauter,l.
2091,joseph,hurrell,j.
2092,charles,grantham,e.
2093,jim,scholes,
2094,martin,loomes,
2095,andrew,mcgettric,d.
2096,bill,brykczynski,
2097,reginald,meeson,n.
2098,daniel,paulish,j.
2099,maggie,moore,
2100,jean,ware,
2101,barbara,hall,j.
2102,william,haas,h.
2103,g.,van maele,
2104,valerie,ellis,
2105,dolald,brown,r.
2106,kenneth,michels,
2107,michael,becker,a.
2108,terry,sincich,
2109,eva,bjork-akesson,
2110,stuart,hart,
2111,bernard,ramanantsoa,
2112,burt,rosner,
2113,michael,senatore,
2114,dave,mulligan,
2115,s.,benford,d.
2116,mitchel,waite,
2117,g.,gottlob,
2118,l.,tanca,
2120,michael,thomason,g.
2121,garth,davies,
2122,thomas,cashman,j.
2123,judy,adamski,
2124,julie,kendall,e.
2125,gillian,hill,
2126,s.,olsen,e.
2127,marilyn,quaintance,k.
2128,frankie,leibe,
2129,julia,matthews,
2130,jean,donham,o.
2131,jure,gross,f.
2132,denise,rehmke,
2133,elisabet,tenenholtz,
2134,caroly,galyas,
2135,lewis,morton,
2136,harald,stegavik,
2137,claude,hamonet,
2138,philip,barker,
2139,alain,rousseau,
2140,christian,fluhr,
2141,maud,lebreton,
2142,alain,beaufils,
2143,jeanne,suchard,
2144,arthur,clarke,c.
2145,rosalyn,moran,
2146,carmel,duggan,
2147,ciaran,dolphin,
2148,philip,zodhiates,p.
2149,jeremy,howells,
2150,flemming,hjorne,
2151,harald,klaus,
2152,jack,knight,
2153,bjorn,lindstrom,
2154,john,de witt,
2155,maud,steyaert,
2156,sylvianne,farnoux-toporkoff,
2157,christian,garric,
2158,johannes,bauer,m.
2159,laurence,caby,
2160,jorgen,bierg,
2161,mogens,hoeg,
2163,w.,korte,b.
2164,s.,robinson,
2165,noel,hodson,
2166,gil,gordon,
2167,nancy,betz,e.
2168,r.,gunzenhaeuser,
2169,f.,deconick,
2170,mildred,shaw,l.g.
2171,sandra,curran,
2172,anrew,ellis,
2173,earl,hunt,
2174,philip,johhson-laird,
2175,donna,stucky ward,
2176,kenji,hino,
2177,will,moss,
2178,mel,hymas,
2179,frists,jannsen,
2180,john,mccann,
2181,nick,smilonnich,
2182,lynne,thomson,
2183,j.,robinson,m.
2184,douglas,dankel,d.
2185,catherine,hoskyns,
2186,alun,jones,
2187,pamela,mccorduck,
2188,joseph,kusnan,
2189,john,lloyd,
2190,harry,hersch,
2191,victor,wallace,l.
2192,peggy,chan,
2193,georgette,wang,
2194,geneva,haertel,d.
2195,sandie,morrison,
2196,alex,meredith,
2197,w.,james,r.
2198,murray,turrof,
2199,matthew,ellsworth,v.
2200,j.,zeleznikow,
2201,j.,sykes,b.
2202,laura,berlin,
2203,john,graham,
2204,robin,williamson,
2205,p.,fletcher,j.
2206,peter,wells,n.t.
2207,ann,cologne,
2208,therese,bushen,
2209,thomas,moran,p.
2210,allen,newell,
2211,yuri,rubinsky,
2212,michael,dynes,
2213,john,laird,e.
2214,martyn,pitt,
2215,f.,neel,
2216,mario mario,pianta,
2217,rob,pike,
2218,carl,asp,w.
2219,tim,anderson,
2220,juliet,stone,m.
2221,lee,taylor,
2222,arthur,ignacio,
2223,nancy,hoft,l.
2224,john,mitchel,c.
2225,jarek,rossignac,
2226,walter,brenner,
2227,konrad,hilbers,
2228,paul,bourgine,
2229,tom,thomsen,chr.
2231,kelly,ford,
2232,richard,antonak,f.
2233,scott,anderson,
2234,bob,zigon,
2235,james,mccord,
2236,spyro,gumas,
2237,chris,peterson,
2238,gayle,pergamit,
2239,fernando,flores,
2240,thomas,ormerod,c.
2241,mike,martin,
2242,eric,von tecshner,
2243,david,gertman,i.
2244,harold,blackman,s.
2245,stephen,draper,w.
2246,m.,gomes,r.
2247,j.,lee,r.
2248,prasun,dewan,
2249,,ecma (eyropean computer manufacturers association),
2250,caroline,lillywhite,
2251,ralph,duffy,e.
2252,mary ann,pike,
2253,keith,blanton,a.
2254,john,harris,r.
2255,jean-pierre,laurent,
2256,magnus,magnusson,
2257,margarita,de matos,gaspar
2258,m.,purificacao,joao
2259,paula,lebre,
2260,stephen,marenka,r.
2261,mike,gigante,a.
2262,huw,jones,
2263,kevin,teixeira,
2264,mary,keller,m.
2265,kathy,tanaka,
2266,deanna,morse,
2267,nancy,ingle,
2268,jacueline,ford morie,
2269,christopher,stapleton,
2270,maxine,brown,
2271,nelson,pocha,
2272,clara,cidade,
2273,jan,albers,
2274,reinhard,wohlleben,
2275,andrew,davies,
2276,van,thurston,
2277,cath,robins,
2278,george,auckland,
2279,cynthia,herd,
2280,roel,cremer,
2281,i.,manenica,
2282,thomas,teixeira,j.
2283,james,richardson,
2284,jill,hadfield,
2285,lisa,moretto,a.
2286,bryan,woodruff,
2287,kevin,reichard,
2288,james,gettys,
2289,ron,newman,
2290,ralph,swick,r.
2291,hemant,shah,t.
2292,jacqueline,simpson,
2293,δημήτριος,παπαδάκης,
2294,mariel,παπαδημητρίου,
2295,ζυγούρα,ροντίκα,
2296,αθανάσιος,παπασιλέκας,
2297,βίκυ,τσάγκα,
2298,ελλη,εμκε,
2299,μάριος,βερέττας,
2300,τ.,κατσίκας,
2301,κωνσταντίνος,πάστρας,στ.
2302,τζ.,καβουνίδη,
2303,χ.,ιωάννου,
2304,μανώλης,δεληγιαννάκης,
2305,παναγιώτης,κουρουμπλής,ε.
2307,eric,dietrich,
2308,stan,magee,
2309,leonard,tripp,l.
2310,marian,myerson,
2311,steven,rakitin,r.
2312,john,darragh,j.
2313,jack,kessler,
2314,thomas,redman,c.
2315,george,diekhoff,m.
2316,tony,fernandes,
2317,alvin,tilley,r.
2318,stephen,von tetzchner,
2319,mogens,jensen,hygum
2320,jonathan,grudin,
2321,john,neter,
2322,michael,kutner,h.
2323,christopher,nachtsheim,j.
2324,william,wasserman,
2325,seth,chaiklin,
2326,jean,lave,
2327,geoffrey,keppel,
2328,william,saufley,h.
2329,howard,tokunaga,
2330,david,moore,s.
2331,andrew,rae,
2332,philippe,robert,
2333,hans-ludwig,hausen,
2334,angelo,bobak,r.
2335,raymond,kehoe,
2336,alka,jarvis,
2337,ralph,rosnow,l.
2338,robert,rosenthal,
2339,russell,jones,a.
2340,bruce,egan,l.
2341,rex,bradford,e.
2342,marie,redmond,
2343,mats,alvesson,
2344,mikael,jern,
2345,edward,kit,
2346,bruce,tognazzini,
2347,michael,jackson,
2348,martin,schulman,a.
2349,rick,smith,
2350,lynda,weinman,
2351,thomas,landauer,k.
2352,fred,moody,
2353,luc,steels,
2354,adelino,santos,
2355,jan,van leeuwen,
2356,bodo,urban,
2357,nabil,adam,r.
2358,milton,halem,
2359,marjan,sarshar,
2360,michael,wooldridge,
2361,jorg,muller,p.
2362,milind,tambe,
2363,stefan,klein,
2364,beat,schmid,
2365,adam,nabil,r.
2366,m.,sasse,a.
2367,r.,cunningham,j.
2368,r.,winder,l.
2369,stefan,wermter,
2370,ellen,riloff,
2371,gabriele,scheler,
2372,george,zobrist,w.
2373,c.,ho,y.
2374,francis,botto,
2375,debra,cameron,
2376,marshall,mcluhan,
2377,neil,stillings,a.
2378,steven,weisler,e.
2379,christopher,chase,h.
2380,mark,feinstein,h.
2381,jay,garfield,l.
2382,edwina,rissland,l.
2383,craig,lindley,a.
2384,michael,young,j.
2385,scott,fisher,
2386,even-andre,karlsson,
2387,thomas,mowbray,j.
2388,ron,zahavi,
2389,arthur,glossbrenner,
2390,larry,bielawski,
2391,robert,lewand,
2392,john,rosenberg,
2393,johanna,moore,d.
2394,peter,andersen,bogh
2395,berit,holmqvist,
2396,jens,jensen,f.
2397,robert,simpson,
2398,kathy,spurr,
2399,paul,layzell,
2400,leslie,jennison,
2401,neil,richards,
2402,brad,blumenthal,
2403,panos,constantopoulos,
2404,philippe,palanque,
2405,fabio,paterno,
2406,thea,van der geest,
2407,s.,fraisse,
2408,f.,garzotto,
2409,t.,isakowitz,
2410,robert,slade,
2411,david,stork,g.
2412,marcus,hennecke,
2413,v.,subrahmanian,s.
2414,sushil,jajodia,
2415,j.,dubois,e.
2416,n.,gershon,
2417,ivan,bratko,
2418,donald,day,l.
2419,diane,kovacs,k.
2420,wilbert,galitz,o.
2421,mary,johnson,c.
2422,,the eu committee,
2423,kazuo,tanaka,
2424,mary anne,moser,
2425,douglas,macleod,
2426,sergio,bittanti,
2427,giorgio,picci,
2428,d.,hutchison,
2429,h.,christiansen,
2430,g.,coulson,
2431,fernando,gonzalez,
2432,michael,jenner,g.
2433,,ieee computer society,
2434,pankaj,carg,k.
2435,mehdi,jazayeri,
2436,l.,miller,l.
2437,erich,gamma,
2438,richard,helm,
2439,ralph,johnson,
2440,marianne,rudisill,
2441,clayton,lewis,
2442,peter,polson,b.
2443,timothy,mckay,d.
2444,jan,steyaert,
2445,david,colombi,
2446,jackie,rafferty,
2447,jeffrey,rubin,
2448,borko,furht,
2449,milan,milenkovic,
2450,larry,boden,
2451,alan,lesgold,
2452,subrata,dasgupta,
2453,thomas,liao,t.
2454,yuval,fisher,
2455,richard,ennals,
2456,john,connolly,h.
2457,lyn,pemberton,
2458,peter,brusilovsky,
2459,perry,johnson,l.
2460,david,gilmore,j.
2461,russel,winter,l.
2462,francoise,detienne,
2464,a.,danthine,
2465,h.,leopold,
2467,stig.,andersson,i.
2468,thomas,schaal,
2469,kee,lim,yong
2470,susan,fowler,l.
2471,victor,stanwick,r.
2472,grigore,burdea,
2474,d.,mahling,e.
2475,f.,arefi,
2476,william,moore,l.
2477,edgar,pessemier,a.
2478,john,horch,w.
2479,neil,mcaleer,
2480,peter,wayner,
2481,charles,schmauch,h.
2482,thomas,koulopoulos,m.
2483,durand,begault,r.
2484,d.,shapiro,
2485,r.,traunmuller,
2486,barbara,gorayska,
2487,jacob,mey,l.
2488,gary,marchionini,
2489,francois,fluckiger,
2490,reinhard,oppermann,
2491,kim,tracy,w.
2492,peter,bouthhoorn,
2493,peter,thomas,j.
2494,richard,taylor,n.
2496,john,phillips,l.
2497,robert,sternberg,j.
2498,david,coleman,
2499,raman,khanna,
2500,bruce,mckinney,
2501,,world wide web journal,
2502,john,craig,clark
2503,jeff,webb,
2504,woodrow,barfield,
2505,thomas,furness iii,a.
2506,ken,dancyger,
2507,jeff,rush,
2508,,access consortium,
2509,guojun,lu,
2510,steven,pemberton,
2511,flemming,rosleff,
2512,graham,lister,
2513,peter,morea,
2514,alan,mumford,
2515,robert,finkel,
2516,john,mole,
2517,stan,haavik,
2518,i.,bey,
2519,d.,ball,
2520,t.,clausen,
2521,w.,jakob,
2522,christian,godefroy,h.
2523,d.,steevens,r.
2524,john,hunt,w.
2525,dave,roberts,
2526,tom,lupton,
2527,bill,scott,
2528,luis,robert,
2529,lyman,ott,
2530,giovanni,adorni,
2531,michael,zock,
2532,lynne,brennan,
2533,david,block,
2534,lawrence,kamm,j.
2535,linda,macaulay,a.
2536,keith,howard,
2537,john,sharp,a.
2538,derek,rowntree,
2539,ron,johnson,
2540,eric,singer,
2541,graham,lashbrooke,
2542,gerhard,weib,
2543,sandip,sen,
2544,ahmet,ozok,f.
2545,philip,moon,
2546,clive,goodworth,
2547,karen,jones,sparck
2548,julia,galliers,r.
2549,andrew,ainger,
2550,rukesh,kaura,
2551,martin,yate,john
2552,jay,levinson,conrad
2553,tom,carey,
2554,michael,armstrong,
2555,malcolm,peel,
2556,herbert,michaelson,b.
2557,david,seekings,
2558,karamjit,gill,s.
2559,nikolaos,pallikarakis,
2560,n.,anselmann,
2561,a.,pernice,
2562,john,hayes,
2563,gavriel,salomon,
2564,j.a.n.,lee,
2565,gene,swartzfager,
2566,noel,jerke,
2567,george,szabo,
2568,david,jung,
2569,don,kiely,
2570,dan,appleman,
2571,anthony,jameson,
2572,cecile,paris,
2573,christopher,sauer,
2574,phillip,yetton,
2575,raymond,manganelli,
2576,alceste,pappas,t.
2577,a.,berztiss,
2578,j.,pearce,a.
2579,r.,robinson,b.
2580,stephen,andriole,j.
2581,maurice,hardaker,
2582,james,regan,
2583,joe,peppard,
2585,a.,solvberg,
2586,james,davies,
2587,david,carr,k.
2588,henry,johansson,j.
2589,omar el,sawy,
2590,william,kettinger,
2591,varun,grover,
2592,varun,grover,
2593,patrick,mchugh,
2594,colin,armistead,
2595,mike,robson,
2596,john,reilly,patrick
2597,mike,oram,
2598,richard,wellins,s.
2599,tim,lindholm,
2600,frank,yellin,
2601,mary,campione,
2602,kathy,walrath,
2603,,acm sigplan,
2604,zbigniew,stachniak,
2605,j.,moore,strother
2606,f.,connor,r.
2607,colin,barrow,
2608,paul,barrow,
2609,robert,brown,
2610,richard,wurman,saul
2611,hugh,beyer,
2612,karen,holtzblatt,
2613,william,sherman,
2614,alan,craig,
2615,ian,watson,
2616,sholom,weiss,m.
2617,nitin,indurkhya,
2618,pat,langley,
2619,richard,belew,
2620,michael,vose,
2621,judea,pearl,
2622,monte,zweben,
2623,mark,fox,
2624,michael,lesk,
2625,peter,willett,
2626,nancy,yeager,
2627,robert,mcgrath,
2628,allen,holub,
2629,c.,zaniolo,
2630,c.,faloutsos,
2631,r.,snodgrass,
2632,clement,yu,
2633,weiyi,meng,
2634,christine,guilfoyle,
2635,judith,jeffcoate,
2636,heather,stark,
2637,george,george,w.
2638,caroline,chappell,
2639,valerie,downes,
2640,alan,cooper,
2641,william,strunk,
2642,e.,white,b.
2643,susan,weinschenk,
2644,pamela,jamar,
2645,sarah,yeo,c.
2646,bruce,schneier,
2647,daniel,felker,b.
2648,frances,pickering,
2649,veda,charrow,r.
2650,v. melissa,holland,
2651,janice,redish,c.
2652,,hfes,
2653,amartya,sen,k.
2654,a. john,pendlebury,
2655,william,wheeler iii,a.
2656,james,champy,
2657,nitin,nohria,
2658,philip,rowland,
2659,bonnie,nardi,a.
2660,,european information technology observatory,
2661,r.,runyon,
2662,a.,haber,
2663,p.,badia,
2664,theo,mandel,
2665,david,kruglinski,j.
2666,philip,ullah,
2667,walter,van de velde,
2668,john,perram,w.
2670,victor,klassen,r.
2671,harry,bunt,
2672,robbert-jan,beun,
2673,tijn,borghuis,
2674,j.,goncalves,
2675,stanley,lippman,b.
2676,henry,tobin,
2677,gerrit,van der veer,
2679,susan,coles,
2680,r.,koubek,j.
2681,wilhelm,bauer,
2682,,inuse consortium 1997,
2683,james,williams,r.
2684,carol,peters,
2685,,global ergonomic technologies,
2686,leslie,carr,
2687,mark,bernstein,
2688,kasper,osterbye,
2691,t.,raman,v.
2692,scott,mccloud,
2693,robin,clark,
2694,spyros,tzafestas,g.
2695,p.,denning,j.
2696,r.,metcalfe,m.
2697,a.,ferreira,
2698,a.,kwak,k.
2699,j.,lennon,a.
2700,s.,douglas,a.
2701,a.,mithal,k.
2702,r.,trappl,
2703,p.,petta,
2704,g.,weiss,
2705,a.,haddadi,
2707,n.,azarmi,
2708,p.,kandzia,
2709,m.,klusch,
2710,l.,cavedon,
2711,a.,rao,
2712,w.,wobcke,
2713,k.,rothernel,
2714,r.,popescu-zeletin,
2715,c.,castelfranchi,
2716,e.,werner,
2717,george,anogianakis,
2718,christian,buhler,
2719,gary,cornell,
2720,dave,jezak,
2721,jean-pierre,muller,
2722,,club de bruxelles,
2723,n.,muthiah,
2724,gavin,bell,
2725,claude,puech,
2726,hans-peter,seidel,
2727,haim,levkowitz,
2728,alain,chesnais,
2729,bernard,hidoine,
2730,sarah,bloomer,
2731,rachel,croft,
2732,helen,kieboom,
2733,debra,herschmann,
2734,lehman,brothers,
2735,patrick,girard,
2736,jean-claude,potier,
2737,guy,pierra,
2738,,ercim,
2739,k.,hoffman,douglas
2740,e.,bateson,g.
2741,sally,dibb,
2742,lyndon,simkin,
2743,william,pride,m.
2744,o.,ferrell,c.
2745,lynn,pocock,
2746,rick,hopkins,
2747,david,evert,
2748,judith,crow,
2749,turner,whitted,
2750,barbara,mones-hattal,
2751,paul,dilascia,
2752,esther,dyson,
2753,david,roe,
2754,jay,wilpon,
2755,j.,torres,c.
2756,δ.,αγραφιώτης,
2757,γ.,αυλωνίτης,
2758,τ.,γιαννίτσης,
2759,τ.,κάτος,
2760,αντιγόνη,λυμπεράκη,
2761,λ.,τσιπούρη,
2762,α.,χατζηπαραδείσης,
2763,π.,πανούσης,
2764,,γενική γραμματεία `ερευνας και τεχνολογίας,
2765,roni,yagel,
2766,hans,hagen,
2767,steven,johnson,
2768,patrick,jordan,w.
2769,larry,wood,e.
2770,rosalind,picard,w.
2771,evan,schwartz,i.
2772,john,hagel,
2773,arthur,armstrong,
2774,michael,genesereth,r.
2775,anna,patterson,
2776,j.,greene,
2777,m.,d'oliveira,
2778,c.,robson,
2779,prasad,prabhu,v.
2780,,sigdoc,
2781,stephen,hayne,c.
2782,wolfgang,prinz,
2783,james,hollan,d.
2785,d.,browne,
2786,p.,totterdell,
2787,m.,norman,
2795,john,rieman,
2796,christine,faulkner,
2797,frances,slack,
2798,j.,rowley,e.
2799,joann,hackos,t.
2805,frances,cairncross,
2806,sebastiano,trigila,
2807,al,mullerry,
2808,mario,campolargo,
2809,hans,vanderstraeten,
2810,marcel,mampeay,
2811,richard,crandall,
2812,marvin,levich,
2813,naomi,baltuck,
2814,g.,davida,
2815,m.,mambo,
2816,sue,wilcox,ki
2817,william,brown,h.
2818,raphael,malveau,c.
2819,hays,mccormick iii,"w. ""skip"""
2821,frank,buschmann,
2822,regine,meurier,
2823,hans,rahrert,
2824,peter,sommerlad,
2825,jeff,nelson,
2826,kenneth,stephens,r.
2827,leen,ammeraal,
2828,hogeschool,van utrecht,
2829,roger,parker,
2830,patrick,berry,
2831,grady,booch,
2832,jim,rumbaugh,
2833,ivar,jacobson,
2834,richard,friedhoff,m.
2835,mark,peercy,s.
2836,nils,nilsson,j.
2837,steve,howard,
2838,judy,hammond,
2839,gitte,lindgaard,
2840,peter,caslavsky,
2841,christopher,smith,
2842,michael,stal,
2843,eiji,okamoto,
2844,rod,stephens,
2845,paul,sharken,
2846,david,rose,
2847,jan-ingvar,lindstrom,
2848,w.,davis,
2849,k.,booth,
2850,a.,fournier,
2851,clare-marie,karat,
2852,arnold,lund,
2853,christos,nikolaou,
2854,michael,chesher,
2855,nicholas,jennings,r.
2856,lyce,wilcox,c.
2857,andreas,barth,
2858,michael,breu,
2859,albert,endres,
2860,arthur,de kemp,
2861,wolfram,conen,
2862,gustaf,neumann,
2863,irke,wachsmuth,
2864,martin,frohlich,
2865,liwe,li,
2866,rudiger,zarnekow,
2867,hartmut,wittig,
2868,ian,ricketts,w.
2869,j.,zobel,
2870,j.,kizza,
2871,t.,stonier,
2872,c.,sommerer,
2873,l.,mignonneau,
2874,j.,sametinger,
2875,b,coulange,
2876,a.,langer,m.
2877,r.,sriram,d.
2878,f.,dai,
2879,michael,baumgardt,
2880,p.,leith,
2881,a.,hoey,
2882,s.,fdida,
2884,badrul,huda khan,
2885,colin,mccormack,
2886,david,jones,
2887,karen,mantyla,
2888,j. richard,gividen,
2889,david,brooks,w.
2890,barbara,hodgson,
2891,margaret,haughey,
2892,terry,anderson,
2893,winnie,wade,
2894,fred,lockwood,
2895,ron,oliver,
2896,robin,mason,
2897,alistair,morgan,
2898,lynette,porter,r.
2899,a.w. tony,bates,
2900,judith,calder,
2901,jon,latimer,
2902,richard,clevans,l.
2903,robert,rodman,d.
2904,nicholas,negroponte,
2905,marty,asher,
2906,o.,rossler,e.
2907,sean,grady,m.
2908,janet,horowitz murray,
2909,doug,kelly,
2910,michael,o' rourke,
2911,ann,weiss,
2912,j.,heudin,c.
2915,bernie,roehl,
2916,justin,couch,
2917,,couch justin,
2918,cindy,reed-ballreich,
2919,tim,rohaly,
2920,john,vacca,r.
2921,,de kemp arnoud,
2922,fabio,paterno,
2923,michele,morganti,
2924,gregory,mulhauser,r.
2925,d.,roberts,
2926,r.,berry,
2927,s.,isensee,
2928,j.,mullaly,
2929,paul,de bra,
2930,chris,johnson,
2931,terry,quatrani,
2932,jo ann,oravec,
2933,alexandros,paramythis,
2934,jack,meadows,
2935,scott,grisson,
2936,janet,mcandless,
2937,omar,ahmad,
2938,christopher,stapleton,
2939,adele,newton,
2940,celia,pearce,
2941,ryan,ulgate,
2942,pick,parent,
2943,joan,truckenbrod,
2944,ines,hardke,
2945,michael,cohen,
2946,helen,ashman,
2947,paul,thistlewaite,
2948,p.,scott,a.
2949,r.,bridger,s.
2950,j.,charteris,
2951,r.,dorf,c.
2952,u.,ratsch,
2955,i.-o.,stamatescu,
2956,s.,robinson,
2957,james,o'donell,
2958,andrew,reese,
2959,margaret,rabb,y.
2960,,tidd,
2961,,bessant,
2962,,pavitt,
2963,peter,schauble,
2964,alan,smeaton,f.
2965,angus,clarke,
2966,sarah,cunningham-burley,
2967,theresia,degener,
2968,tom,shakespeare,
2969,rachel,hurst,
2970,richard,wood,
2971,,εθνικό ινστιτούτο εργασίαςς,
2972,keith,hodgingson,
2973,alison,smith,
2974,john,arfield,
2975,keith,hodgkinson,
2976,alison,smith,
2977,jane,healy,m.
2978,e.,koukoutsis,
2979,gabriella,cattaneo,
2980,mario,martinoli,
2981,g.,rigolio,
2982,r.,guarneri,
2983,c.,landing,
2984,j.,adant,m.
2985,k.,skouby,e.
2986,robin,mansell,
2987,uta,wehn,
2988,kaj,gronbaek,
2989,elli,mylonas,
2990,frank,"shipman, iii",m.
2991,david,ebert,
2992,holly,rushmeier,
2993,joe,tidd,
2994,john,bessant,
2995,keith,pavitt,
2996,ray,kurzwell,
2997,george,dyson,b.
2998,donna,woonteiler,
2999,daryle,gardner-bonneau,
3000,molly,joss,w.
3001,lesley,trenner,
3002,joanna,bawa,
3003,paraskevas,caracostas,
3004,ugur,muldur,
3006,joel,delisa,a.
3007,kem,guy,
3008,james,stroyan,
3009,hugh,cameron,
3010,alison,dale,
3011,luke,georghiou,
3012,carole,mckinlay,
3013,michael,abrash,
3014,david,rogers,
3015,volker,frank,
3016,verena,giller,
3017,gernot,hueller,
3018,celestine,ntuen,a.
3019,barbara,cohen,g.f.
3020,marvin,dainoff,j.
3021,angel,puerta,
3022,demosthenes,akoumianakis,
3023,,,
3024,paul hubert,vossen,
3025,nicolas,marmaras,
3026,stephane,chatty,
3027,molly follette,story,
3028,james,mueller,l.
3029,ronald,mace,l.
3030,qusay,mahmoud,h.
3031,luciano,beochi,
3032,frederic,loeurng,
3033,mary,fitzerald,
3034,peter,fatelnig,
3035,i.,iakovidis,
3036,s.,maglavera,
3037,a.,trakatellis,
3038,pamela,samuelson,
3039,peter,neumann,
3040,klaus,tochtermann,
3041,joerg,westbomke,
3042,uffe,wiil,k.
3043,john,leggett,j.
3044,,tide  user project,
3045,p.,markopoulos,
3046,p.,johnson,
3047,glenn,weadock,e.
3048,emily sherrill,weadock,
3049,borko,furst,
3050,filip,evenpoel,
3051,ad,van  berlo,
3052,marco,mercinelli,
3053,jodi,giroux,
3054,anne,richardson,
3055,jill,smolin,
3056,jeff,jortner,
3057,kathryn,saunders,
3058,richard,kidd,
3059,marla,schweppe,
3060,alyn,rockwood,
3061,wolf,goring,
3062,monica,harnischfeger,
3063,castulus,kolo,
3064,peter,zoche,
3065,alan,munro,j.
3066,kristina,hook,
3067,eric,bergman,
3068,tom,boyle,
3069,jef,raskin,
3070,anne,spalter,morgan
3071,scott,hamlin,j.
3072,mark,neerincx,
3073,betsy,van dijk,
3074,jasper,lindenberg,
3075,emilie,gould,west
3076,pia,honold,
3077,eric,bear,gould
3078,nick,west,
3079,raghu,kolli,
3080,arnold,vermeeren,
3081,gert,pasman,
3082,elisa,del galdo,m.
3083,tony,rose,g.
3084,larry,constantine,
3085,lucy,lockwood,
3086,steven,poltrock,e.
3087,colin,ware,
3088,ed,chi,h.
3089,rich,gossweiler,
3090,susan,dray,m.
3091,brian,bomeiseler,
3092,jennifer,lai,
3093,erric,solomon,
3094,michael,muller,j.
3095,daniel,lafreniere,
3096,tom,dayton,
3097,jared,spool,m.
3098,tara,scanlon,
3099,will,achroeder,
3100,matthew,klee,
3101,lori,landesman,
3102,victor,kaptelinin,
3103,i s,mackenzie,
3104,j,stewart,
3105,μ.ε.,κονταδάκης,
3106,dick,bulterman,
3107,kecin,jeffay,
3108,hong-jiang,zhang,
3109,markus,gross,
3110,bernd,hamann,
3111,vito,di gesu,
3112,laura,tarantino,
3113,d.,duke,j.
3114,βασίλης,κελεσίδης,
3115,wendy,rogers,a.
3116,john,koza,r.
3117,,παιδαγωγικο ινστιτουτο,
3118,γιάννης,πολλάλης,α.
3119,διονύσης,γιαννακόπουλος,
3120,ιωάννης,παπουτσής,
3121,ευστάθιος,ζωγόπουλος,αθ.
3122,αθηνά,βακάλη,
3123,ηλίας,γιαννόπουλος,
3124,νέστωρ,ιωαννίδης,
3125,χρήστος,κοιλιας,
3126,κωνσταντίνος,μάλαμας,
3127,ιωάννης,μανωλόπουλος,
3128,παναγιώτης,πολίτης,
3129,γ.,παπακωνσταντίνου,
3130,π.,τσανάκα,
3131,ν.,κοζύρη,
3132,α.,μανουσοπούλου,
3133,π.,ματζάκου.,
3134,κωνσταντίνος,γιαλούρης,
3135,ευάγγελος,γκιμπερίτης,
3136,βασίλειος,κόμης,
3137,αλέξανδρος,σιδερίδης,
3138,κωνσταντίνος,σταθόπουλος,
3139,νίκος,αντωνάκος,
3140,ιωάννης,βογιατζής,
3141,ιωάννης,κατωπόδης,
3142,κυριάκος,πατριαρχέας,
3143,ray,bradley,
3144,john,holland,h.
3145,θ.,γεωργίου,
3146,ι.,κάππος,
3147,α.,λαδιάς,
3148,α.,μικρόπουλος,
3149,α.,τζιμογιάννης,
3150,κ.,χαλκιά,
3151,v.w.,porto,
3152,n.,saravanan,
3153,d.,waagen,
3154,a.e.,eiben,
3155,christelle,farenc,
3156,julita,vassileva,
3157,dave,cliff,
3158,philip,husbands,
3159,jean-arcady,meyer,
3160,maja,mataric,j.
3161,jordan,pollack,
3162,rolf,pfeifer,
3163,bruce,blumberg,
3164,jean-arcady,meyer,
3165,herbert,roitplat,l.
3166,alua,dautova,
3167,,ellis julian,
3168,mary,fitzgerald,
3169,andreas,lymberis,
3170,yves,paindavaine,
3171,g.o.,klein,
3172,robert,reynolds,g.
3173,david,fogel,b.
3174,κ.,πεκμεστζή,
3175,στ.,κουνάδης,
3176,χρ.,μελέτης,
3177,π.,μπουγάς,
3178,ι.,σιφναίος,
3179,σπ.,μπουρέλος,
3180,δημήτριος,bεργίνης,
3181,ελένη,κοντούλη,
3182,χρήστος,λάλας,
3183,βασίλειος,λαοπόδης,
3184,ζαχαρίας,μανουσαρίδης,
3185,σπυρίδων,μπακογιάννης,
3186,παναγιώτης,aναστασιάδης,
3187,απόστολος,γαλδαδάς,
3188,βασίλειος,μιχαλακόπουλος,
3189,γεώργιος,παπακωνσταντίνου,
3190,θεοδόσης,τσαπέλας,
3191,χρήστος,δουληγέρης,
3192,στέφανος,γκρίτζαλης,
3193,χρύσα,πάτσα,
3194,γεώργιος,σούλτης,
3195,δημήτριος,τσέλιος,
3196,κωνσταντίνος,ζαχαρής,
3197,νικόλαος,κασιμάτης,
3198,χριστόφορος,κουνιάκης,
3199,θεόδωρος,οικονόμου,
3200,ιωάννης,κεχαγιάς,
3201,κωνσταντίνος,λιβαδάς,
3202,γιάννης,οικονόμου,
3203,γεώργιος,πανηγυράκης,
3204,πέτρος,τομαράς,
3205,θ.,tσιλιγκιρίδης,
3206,γ.,αλεξίου,
3207,χρ.,μπούρας,
3208,χρ.,μαμαλούκας,
3209,π.,αγγελόπουλος,
3210,γ.,γώγουλος,
3211,π.,εξαρχάκος,
3212,α.,ζήσου,
3213,ι.,κάβουρας,
3214,αικ.,γεωργοπούλου,
3215,α.,κωστάκος,
3216,ι.,παπαϊωάννου,
3217,δ.,φρυδάς,
3218,ν.,aβραντίνης,
3219,γ.,αναστασόπουλος,
3220,β.,μπελεσιώτης,
3221,ν.,σγούρος,
3222,σ.,σωτήρχος,
3223,θ.,παναγιωτόπουλος,
3224,θ.,τσιλιγκιρίδης,
3225,ι.,αποστολάκης,
3226,γ.,φούσκας,
3227,γ.,βουτυράς,
3228,ι.,γαροφαλάκης,
3229,ι.,τζήμας,
3230,αθανάσιος,παπαδόπουλος,
3231,στρ.,καλαφατούδης,
3232,ε.,κανίδης,
3233,π.,μίχος,
3234,nadia,thalmann,magnenat
3235,jiannan,chen,
3236,zesheng,tang,
3237,lawrence,fogel,j.
3238,peter,angeline,j.
3239,thomas,back,
3240,,price partnership,
3241,tony,shipley,
3242,charlie,russsel,
3243,charlie,russel,
3244,sharon,crawford,
3245,mark,baartse,
3246,richard,blair,
3247,luca,bolognese,
3248,dinar,dalvi,
3249,steven,hahn,
3250,corey,haines,
3251,alex,homer,
3252,bill,kropog,
3253,brian,loesgen,
3254,stephen,mohr,
3255,john,slater,
3256,kevin,williams,
3257,mario,zucca,
3258,jeff,johnson,
3259,will,schroeder,
3260,carolyn,snyder,
3261,terri,deangelo,
3262,david,bull,
3263,nishan,canagarajah,
3264,andrew,nix,
3265,giuseppe,di battista,
3266,peter,eades,
3267,roberto,tamassia,
3268,ioannis,tollis,g.
3269,matthew,reynolds,
3270,david,buserr,
3271,john,kauffman,
3272,juan,llibre,t.
3273,brian,francis,
3274,david,sussman,
3275,chris,ullman,
3276,jon,duckett,
3277,h.,obeqruelle,
3278,j.,krause,
3279,παναγιώτης,αναστασιάδης,σ.
3280,νικόλαος,αβούρης,
3281,cathy,thomas,
3282,randy,kaplan m.,
3283,barbara,fox,a.
3284,chris,forsythe,
3285,eric,grose,
3286,selmer,bringsjiord,
3287,david a.,ferrucci,
3288,charles,bloom,p.
3289,r. bowen,loftin,
3290,james,byrnes,p.
3291,dietrich,albert,
3292,josef,lucas,
3293,henry,lieberman,
3294,mary lou,maher,
3295,m. bala,balachandran,
3296,dong mei,zhang,
3297,karan,harbison,
3298,pearl,pu,
3299,jan,maarten schraagen,
3300,susan,chipman,f.
3301,valerie,shalin,l.
3302,andrew,bonime,
3303,ken,pohlman,c.
3304,pete,sawyer,
3305,sharon,mcdonald,
3306,brij,masand,
3307,myra,spiliopoulou,
3308,nigel,chapman,
3309,jenny,chapman,
3310,thomas,caudell,
3311,julie,jacko,a.
3312,andrew,sears,
3313,michel,beaudouin-lafon,
3314,james,larson,a.
3315,caroline,jarrett,
3316,susan,palmiter,
3317,,carroll,.
3318,kim,goodwin,
3319,gunnel,bankenroth,a.m.
3320,david,iseminger,
3321,richard,anderson d,
3322,richard,anderson,
3323,chris,blexrud,
3324,andrea,chiarelli,
3325,daniel,denault,
3326,dino,esposito,
3327,matthew,gibbs,
3328,craig,mcqueen,
3329,george,reilly,
3330,john,schenken,
3331,dean,sonderegger,
3332,suzanne,weghorst,j.
3333,eric,seibel,j.
3334,mark,billinghurst,
3335,αχιλλέας,καμέας,
3336,george,shepherd,
3337,scott,wingo,
3338,jeff,prosise,
3339,jim,o'donnell,
3340,eric,ladd,
3341,mike,morgan,
3342,andrew,watt,h.
3343,eric,ray,
3344,brett,mclaughlin,
3345,kevin,kline,
3346,daniel,kline,
3347,a. keyton,weissinger,
3348,bob,hughes,
3349,john,rust,
3350,susan,golombok,
3351,jack,davis,
3352,susan,merritt,
3353,michael,paciello,g.
3354,adrian,frutiger,
3355,gary william,flake,
3356,susan,embretson,e.
3357,steven,reise,p.
3358,finn,jensen,v.
3359,karen,schiver,a.
3360,karen,schriver,a.
3361,henry,dreyfuss,
3362,michael,kay,
3363,g.,doherty,j.
3364,m.,massink,
3365,m.,wilson,d.
3366,katie,marl,
3367,rudolf,modley,
3368,jan,borchers,
3369,lisa,friedenberg,
3370,brendan,frey,j.
3371,mark,van harmelen,
3372,mark,van harmelen,
3373,carlo,strapparava,
3374,ι.,χρυσοβιτσιώτη,
3375,ι.,σταυρακοπούλου,
3376,richard,wagner,
3377,r. allen,wyke,
3378,elliotte,harold,rusty
3379,w. scott,means,
3380,mark,minasi,
3381,mathias,bauer,
3382,piotr,gmytrasiewicz,j.
3383,stephan,weibelzahl,
3384,david,chin,
3385,julio,abascal,
3386,horst,hendriks-jansen,
3387,p.d.v.,marsh,
3388,b.,froelich,
3389,j.,deisinger,
3390,don,harris,
3391,myrna,kasdorf,r.
3392,v.l.,patel,
3393,r.,rogers,
3394,r.,haux,
3395,ann,blandford,
3396,alain,derycle,
3397,cor,meijer,j.w.
3398,andy,smith,
3399,marc,prensky,
3400,eugene,fiume,
3401,colleen,case,
3402,mk,haley,
3403,dena,slothower,
3404,dena,eder,
3405,sande,scoredos,
3406,doug,tidwell,
3407,n.,avouris,
3408,n.,fakotakis,
3409,marc,nyssen,
3410,geert,thienpont,
3411,jack,woodall,
3412,theodoros,arvanitis,n.
3413,jimmy,miklavcic,
3414,robert,mcdermott,
3415,jean,scholtz,
3416,alistair,smith,
3417,nicola,call,
3418,colin,beard,
3419,john,wilson,p.
3420,judith,delozier,
3421,dave,meier,
3422,tad,james,
3423,david,shephard,
3424,james,snell,
3425,pavel,kulchenko,
3426,jerome,euzenat,
3427,jean,farkas,b.
3428,jim,maloney,
3429,ted,pattison,
3430,ιωάννης,βλαχάβας,
3431,πέτρος,κεφάλας,
3432,νικόλαος,βασιλειάδης,
3433,ιωάννης,ρεφανίδης,
3434,φώτιος,κόκκορας,
3435,ηλίας,σακελλαρίου,
3436,amanda,watkins,
3437,simeon,keates,
3438,patrick,langdon,
3439,p. john,clarkson,
3440,peter,robinson,
3441,christine,perfetti,
3442,erik,ojakar,
3443,eduardo,pinto de matos,
3444,sara,facchinetti,
3445,glenda,watson hyatt,
3446,ignacio aedo,cuevas,
3447,paloma,diaz perez,
3448,camino,fernandez llamas,
3449,h.,luczak,
3450,a.e.,cakir,
3451,g.,cakir,
3452,marie,tahir,
3453,laura,lemay,
3454,rogers,cadenhead,
3455,kelly,braun,
3456,max,gadney,
3457,matthew,haughey,
3458,adrian,roselli,
3459,don,synstelien,
3460,tom,walter,
3461,david,wertheimer,
3462,jim,thatcher,
3463,paul,bohman,
3464,michael,burks,
3465,shawn,lawton henry,
3466,bob,regan,
3467,mark,urban,d.
3468,synthia,waddell d.,
3469,klaus,miesenberger,
3470,joachim,klaus,
3471,johan,aberg,
3472,ν.,μισυρλής,
3473,scott,weiss,
3474,βασίλης,κουρμπέτης,
3475,gyorgy,surjan,
3476,rolf,engelbrecht,
3477,peter,mcnair,
3478,casimir,kulikowski,
3479,louis,rosenfeld,
3480,peter,morville,
3481,gaetano,boriello,
3482,lars erik,holmquist,
3483,karel,vredenburg,
3484,carol,rigli,
3485,carol,barnum,m.
3486,douglas,van duyne,
3487,james,landay,a.
3488,jason,hong,i.
3489,m.,bekker,m.
3490,m.,kersten-tsikalkina,
3491,john,slatin,m.
3492,sharron,rush,
3493,joe,clark,
3494,jonathan,lazar,
3495,kenneth,anderson,m.
3496,stuart,moulthrop,
3497,james,blustein,
3498,andrei,alexandrescu,
3499,andrew,koenig,
3500,barbara,moo,
3501,herb,sutter,
3502,c.,marincek,
3503,russ,basiura,
3504,mike,batongbacal,
3505,brandon,bohling,
3506,mike,clark,
3507,andreas,eide,
3508,robert,eisenberg,
3509,christopher,miller,l.
3510,bill,sempf,
3511,srinivasa,sivakumar,
3512,ashish,banerjee,
3513,aravind,corera,
3514,zach,greenvoss,
3515,andrew,krowczyk,
3516,christian,nagel,
3517,chris,peiris,
3518,thiru,thangarathinam,
3519,brad,maiani,
3520,matt,butler,
3521,costas,hadjisotiriou,
3522,neil,raybould,
3523,w. lewis,johnson,
3524,diomidis,spinellis,
3525,ricardo,conejo,
3526,tok-wang,ling,
3527,yoon-joon,lee,
3528,seung-soo,park,
3529,timo,sowa,
3530,lars,qvortrup,
3531,roderick,murray-smith,
3532,joseph,migga kizza,
3533,elisabeth,hull,
3534,ken,jackson,
3535,jeremy,dick,j.
3536,michael,albers,
3537,beth,mazur,
3538,sanne,dijstra,
3539,norbert,seel,
3540,franz,schott,
3541,robert,tennyson,d.
3542,elena,grigorenko,
3543,urs,gattiker,e.
3544,fritz,drasgow,
3545,julie,olson-buchanan,
3546,martin,tessmer,
3547,wallace,hannum,h.
3548,trevor,bond,
3549,christine,fox,
3550,john,wise,
3551,david,hopkins,
3552,fiorella,de rosis,
3553,ger,craddock,m.
3554,lisa,mccormack,p.
3555,richard,reilly,b.
3556,luca,chittaro,
3557,nikhil,kothari,
3558,vandana,datye,
3559,michael,luck,
3560,peter,mcburney,
3561,chris,preist,
3562,michael,wright,
3563,michael,wright,
3564,darin,grant,
3565,paul,kirschner,a.
3566,simon,buckingham shum,j.
3567,chad,carr,s.
3568,ahmed,seffah,
3569,homa,javahery,
3570,john,williams,m.
3571,,kouroupetroglou,
3572,,kouroupetroglou  georgios,
3573,ευάγγελλος,φλωριάς,ι.
3574,elisa,bertino,
3575,stavros,christodoulakis,
3576,dimitris,plexousakis,
3577,vassilis,christophides,
3578,manolis,koubarakis,
3579,klemens,boehm,
3580,elena,ferrari,
3581,jon,jagger,
3582,andrew,duthie,g.
3583,douglas j.,reilly,
3584,charles,petzold,
3585,t,byers,j
3586,joseph,edminister,a
3587,paul,cunningham,
3588,miriam,cunningham,
3589,joseph,di stepahno iii,j.
3590,allen,stubberud,r.
3591,ivan,williams,j.
3592,robert,proctor,w.
3593,kim-phuong,vu,l.
3594,,president's committee on mental retardation,
3595,matt,pietrek,
3596,tom,bourner,
3597,vivien,martin,
3598,phil,race,
3599,john,riedl,
3600,daniel,billsus,
3601,tessa,lau,
3602,sherry,chen,y.
3603,george,magoulas,d.
3604,jan eric,hellbusch,
3605,a.,del bimbo,
3606,nicolas,guelfi,
3607,alain,pruski,
3608,jeffrey,goldstein,
3609,david,buckingham,
3610,gilles,brougere,
3611,m.,agosti,
3612,bruce,perens,
3613,joy,goodman,
3614,peter,vordener,
3615,jennings,bryant,
3616,kara,pernice coyne,
3617,shuli,gilutz,
3618,grigoris,antoniou,
3619,george,potamias,
3620,costas,spyropoulos,
3621,candace,sidner,l.
3622,ελευθερία,μπερνιδάκη-άλντους,
3623,arthur,karshmer,
3624,νικόλαος,ματσατσίνης,
3625,κωνσταντίνος,δημόπουλος,
3626,νικόλαος,ναγόπουλος,
3627,αθανάσιος,σπυριδάκος,
3628,μανούσος,μαραγκουδάκης,
3629,staffan,bjorck,
3630,jussi,holopainen,
3631,katie,salen,
3632,eric,zimmerman,
3633,ernest,adams,
3634,andrew,rollings,
3635,chris,bateman,
3636,richard,boon,
3637,κωνσταντίνος,παπαδόπουλος,σ.
3638,δημήτριος,κουτάντος,ι.
3639,herbert,leitold,
3640,evangelos,markatos,
3641,christophe,schlick,
3642,werner,purgathofer,
3643,e,groeller,
3644,l.,szirmay-kalos,
3645,b.,wyvill,
3646,a.,wilkie,
3647,l.,dimitrov,
3648,a.,chalmers,
3649,c.,urena,
3650,d.,fellner,
3651,c.,hansen,
3652,j.,brown,
3653,w.,hansmann,
3654,michael,pieper,
3655,βασίλης,δαφέρμος,
3656,achilles,kameas,
3657,irene,mavromati,
3658,damien,sauveron,
3659,konstantinos,markantonakis,
3660,angelos,bilas,
3661,jean-jacques,quisquater,
3662,cristina,conati,
3663,kathleen,mccoy,
3664,georgios,paliouras,
3665,chrisoula,kosmidou-hardy,
3666,nuray,aykin,
3667,randall,shummaker,
3668,vincent,duffy,g.
3669,dylan,schmorrow,d.
3670,leah,reeves,m.
3671,κωνσταντίνα,δουλγεράκη,ν.
3672,γεώργιος,καρτάκης,
3673,andreas,holzinger,
3674,joseph,albabari,
3675,ben,albabari,
3676,g.,drettakis,
3677,r.,scopigno,
3678,m.,lozano,
3679,j.,gallud,a.
3680,ευστάθιος,τριανταφύλλου,
3681,simon,harper,
3682,simon,harper,
3683,yeliz,yesilada,
3684,martin,wirsing,
3685,jean-pierre,banatre,
3686,matthias,holzl,
3687,axel,rauschmayer,
3688,maria,papadopouli,
3689,henning,schulzrinne,
3690,sara,bentivegna,
3691,paolo,guerrieri,
3692,,college of europe,
3693,herve,le guyader,
3694,john,krumm,
3695,gary,richardson,l.
3696,henriette,sinding aasen,
3697,rune,halvonsen,
3698,antonio,barbosa da silva,
3699,,eder w. ernst,
3700,,hosnedl stanislav,
3701,denise,nicholson,m.
3702,julie,drexler,m.
3703,yazuru,tanaka,
3704,mike,snell,
3705,glenn,johnson,
3706,tony,northrup,
3707,,grandmasters,
3708,gavriel,salvendy,
3709,kim,halskov,
3710,marianne,graves petersen,
3711,david,england,
3712,peter,wild,j.
3713,matthew,macdonald,
3714,richard,pak,
3715,anne,mclaughlin,
3716,gerhard,leitner,
3717,martin,hitz,
3718,παναγιώτης,κουτσάμπασης,
3719,jinjuan heidi,feng,
3720,harry,hochheiser,
3721,oskar,juhlin,
3722,juan carlos,augusto,
3723,juan m.,corchado,
3724,paulo,novais,
3725,cesar,analide,
3726,randal,shumaker,
3727,patrick,rau,
3728,masaaki,kurosu,
3729,panayotis,zaphiris,
3730,panayiotis,zaphiris,
3731,michelle,robertson,
3732,cali,fidopiastis,
3733,elena,troubitsyna,a.
3734,,johnson p,
3735,mark,de berg,
3736,otfried,cheong,
3737,marc,van kreveld,
3738,mark,overmars,
3739,michaerl,sipser,
3740,hector,garcia molina,
3741,jeffrey,ullman,
3742,jennifer,widom,
3743,amy,langville,
3744,carl,meye,
3745,γιώργος,τουρλάκης,
3746,jos;e,bravo,
3747,,bravo  jose,
3748,jesus,favela,
3749,diego,lopex de ipigna,
3750,sergio,orchoa,
3751,jesse james,garret,
3752,genny,tortora,
3753,maurizio,tucci,
3754,ronald,mak,
3755,carlo,furia.,a.
3756,sebastian,nanz,
3757,ioanniis,askoxylakis,
3758,henrich,puhls,p.
3759,joachim,posegga,
3760,don,ihde,
3761,γιάννης,δεληγιάννης,
3762,paris,avgeriou,
3763,anton,nijholt,
3764,teresa,romao,
3765,,reidsma dennis,
3766,dennis,reidsma,
3767,diego,lopez-de-ipina,
3768,francisco,moya,
3769,ramon,hervas,
3770,marcela,rotriguez,
3771,yvonne,rogers,
3772,stefan,oppl,
3773,albert,fleischmann,
3774,christian,stary,
3775,stephan,white,
3776,steve,rabin,
3777,dave,morris,
3778,anne,meyer,
3779,katherine,blashki,
3780,simone,borsci,
3781,stefano,federici,
3782,maria laura,mele,
3783,reiner,wickert,
3784,rem,collier,
3785,david,keyson,
3786,albert ali,salah,
3787,ah-hwee,tan,
3788,maarten,weyn,
3789,ivan,evgeniev,
3790,gabriele,meiselwitz,
3791,theo,tryfonas,
3792,sakae,yamamoto,
3793,andri,ioannou,
3794,stephanie,lackey,
3795,fiona,fui-hoon nah,
3796,margherita,antona,
3797,a.,ozok,ant
3798,louis,marinos,
3799,christian,hatzfeld,
3800,thorsten,kern,a.
3801,massimiliano,di luca,
3802,tracy,hammond,
3803,stephanie,valentine,
3804,aaron,adler,
3805,mark,payton,
3806,adrian david,cheok,
3807,valdimir,geroimenko,
3808,adrian,wallwork,
3809,david,evans,
3810,paul,gruba,
3811,cecilia,sik-lanyi,
3812,evert-jan,hoogerwerf,
3813,linda,candy,
3814,sam,ferguson,
3815,,fairclouch stephen,
3816,kiel,gilleade,
3817,mark,childs,
3818,anna,peachey,
3819,vicror,penichet,m.r.
3820,antonio,panalver,
3821,jise,galud,"a,"
3822,ricardo,tesoriero,
3823,william,bainbridge,sims
3824,pradipta,biswas,
3825,carlos,duarte,
3826,patrick,langton,
3827,luis,almeida,
3828,christoph,jung,
3829,tim,hussein,
3830,heiko,oaulheim,
3831,stephan,lukosh,
3832,,ziegler,
3833,jurgen,ziegler,
3834,yukiko,nakano,i.
3835,jonathan,bowen,
3836,suzanne,keene,
3837,kia,ng,
3838,jakub,simko,
3839,maria,bielikova,
3840,yun,fu,
3841,pietro,michellucci,
3842,weidong,huang,
3843,newton,lee,
3844,magy,seif el-nasr,
3845,anders,drachen,
3846,alessandro,canossa,
3847,efthimios,alepis,
3848,maria,vivrou,
3849,michael,wiertlewski,
3850,yves,rybarczyk,
3851,tiago,cardoso,
3852,joao,rosas,
3853,luis,camarinha-matos,m.
3854,ignacio,galiana,
3855,manuel,ferre,
3856,arjan,egges,
3857,jeroen,fokker,d.
3858,sonke,bartling,
3859,sascha,frieslike,
3860,michael,falser,
3861,monica,juneja,
3862,ido,iurgel,
3863,alberto gil,solla,
3864,rafael g.,sotelo bovino,
3865,tibor,bosse,
3866,diane,cook,j.
3867,yiyu,cai,
3868,prashan,premaratne,
3869,ina,wechsung,
3870,sebastian,moller,
3871,alexander,raake,
3872,sui,lin,
3873,youngkyun,baek,
3874,ryan,ko,
3875,tim,marsh,
3876,ann,marchrzak,
3877,elizabeth,fife,
3878,qingfei,min,
3879,francis,pereira,
3880,frank,fischer,
3881,frank,fischer,
3882,fridolin,wild,
3883,rosamund,sutherland,
3884,lena,zirn,
3885,christoph,guger,
3886,brendan,allison,z.
3887,gunter,edlinger,
3888,secil,ugur,
3889,samantha,kumar,
3890,fred,morstatter,
3891,huan,liu,
3892,ali,al-azzawi,
3893,rebecca,wong,
3894,sui lin,goei,
3895,chuan-hoo,tan,
3896,jia,zhou,
3897,judith,olson,
3898,wendy,kellogg,
3899,catherine,plaisant,
3900,maxine,cohen,
3901,steven,jacobs,
3902,liklas,elmqvist,
3903,nicholas,diakopoulos,
3904,benjamin,cowley,
3905,marco,filetti,
3906,kristian,lukander,
3907,jari,tornianen,
3908,andreas,henelius,
3909,lori,ahinen,
3910,oswald,barral,
3911,ilkka,kosunen,
3912,teppo,valtonen,
3913,minna,huotilainen,
3914,niklas,ravaja,
3915,giulio,jacucci,
3916,andreas,braun,
3917,reiner,wichert,
3918,antonio,mana,
3919,marinos,ioannides,
3920,george,papagiannakis,
3921,gordon,baxter,d.
3922,elizabeth,churchill,f.
3923,kristiina,jokinen,
3924,graham,wiilcock,
3925,linda,little,
3926,daniel,fitton,
3927,beth,bell,t.
3928,nicola,toth,
3929,yang,cai,
3930,josefina,guerrero-garcia,
3931,juan manuel,gonzalez-calleros,
3932,jaime,munoz-arteaga,
3933,cesar,collazos,a.
3934,frank,steinicke,
3935,guy andre,boy,
3936,vladimir,geroimenko,
3937,dejian,liu,
3938,ronghuai,huang,
3939,marek,wosinski,
3940,gerrit,meixner,
3941,christian,mueller,
3942,marta,larusdottir,
3943,peggy,gregory,
3944,,cajander asa,
3945,richard,gartner,
3946,jeff,johnson,
3947,kate,finn,
3948,abbas,moallem,
3949,jonathan,roberts,c.
3950,christopher,headleand,j.
3951,panagiotis,ritsos,
3952,juris,klovors,
3953,mohammad,haque,a.
3954,kamal,nasrollahi,
3955,karen,andersen-ranberg,
3956,thomas,moeslund,b.
3957,john,brown,n.a.
3958,anton josef,fercher,
3959,gerhard,leiitner,
3960,jessie,chen,
3961,wentao,wang,
3962,patrick,horain,
3963,catherine,achard,
3964,malik,mallem,
3965,j.,dong,
3966,l.,fu,
3967,brigid,costello,m.
3968,lucia,calvi,
3969,amalia,sabiescu,
3970,jon,peddie,
3971,minhua,ma,
3972,andreas,oikonomou,
3973,ann,heylighen,
3974,hua,dong,
3975,judy,robertson,
3976,maurits,kaptein,
3977,cesar,gonzalez-perez,
3978,natalia,silvis-cividjian,
3979,tom,hargreaves,
3980,charlie,wilson,
3981,john,brown,n.a
3982,nilanjan,dey,
3983,aboul ella,hassanien,
3984,chintan,bhatt,
3985,amira,ashour,s.
3986,suresh chandra,satapathy,
3987,robert,walter,
3988,phil,turner,
3989,rebecca,baker,
3990,william,moroney,
3991,joyce,cameron,
3992,shin'chi,konomi,
3993,bo sophia,xiao,
3994,gino,fragomeni,
3995,katashi,nagao,
3996,barbara,barbosa neves,
3997,frank,vetere,
3998,lene,nielsen,
3999,alexandra,queiros,
4000,nelson,pacheco da rocha,
4001,joseph,pelton,n.
4002,robert,moore,j.
4003,margaret,szymanski,h.
4004,raphael,arar,
4005,guang-jie,ren,
4006,gerald,bast,
4007,elias,carayannis,g.
4008,david,campbell,f.j.
4009,michael,alley,
4010,xiaowen,fang,
4011,heidi,kromker,
4012,robert,sottilare,a.
4013,jessica,schwarz,
4014,keng,siau,
4015,p.,fu,
4016,wen-chin,li,
4017,marcelo,soares,m.
4018,elizabeth,rosenzweig,
4019,matthias,rauterberg,
4020,qin,gao,
4021,wen-chin,li,
4022,helmut,degen,
4023,stavroula,ntoa,
4024,heidi,kroemker,
4025,june,wei,
4026,munia,ziat,
4027,elsa,gonzalez-esteban,
4028,ramon,feenstra,a.
4029,virginia,dignum,
4030,adalberto,simeone,
4031,benjamin,weyers,
4032,svetlana,bialkova,
4033,robert,lindeman,w.
4034,orestis,georgiou,
4035,william,frier,
4036,euan,freeman,
4037,claudio,pacchierotti,
4038,takayuki,hoshi,
4039,yang,li,
4040,otmar,hilliges,
4041,alireza,abbasimoshaei,
4042,tomayess,issa,
4043,pedro,isaias,
4044,fang,chen,
4045,jianlong,zhou,
4046,wojciech,samek,
4047,gregoire,montavon,
4048,andrea,vevaldi,
4049,lars,kai hansen,
4050,klaus-robert,muller,
4051,amanda,davis,
4052,bruce,ferwerda,
4053,mark,graus,
4054,panagiotis,germanakos,
4055,marko,tkalcic,
4056,adam,palmquist,
4057,izabella,jedel,
4058,ole,goethe,
4059,sancheng,peng,
4060,lihong,cao,
4061,federica,barontini,
4062,mark,lehto,
4063,yuehwern,yih,
4064,christopher,bishop,m.
4065,hugh,bishop,
4066,sergio,sayago,
4067,montserrat,sendin,
4068,merce,teixido,
4069,gerhard,paass,
4070,dirk,hecker,
4071,pierre,nugues,m.
4072,xu,tan,
4074,john,carroll m.,
4075,ramon,cabada,zatarain
4076,hector manuel,lopez,cardenas
4077,hugo,escalante,jair
4078,ian,mackie,
4079,walter,boot,r.
4080,andrew,dilanchian,
4081,saleh,kalantari,
4082,sara,czaja,j.
4083,anil,jain,k.
4085,anil,jain,
4086,anil,jain,
4087,arun,ross,
4088,karthik,nandakumar,
4089,thomas,swearingen,
4090,tula,giannini,
4091,james,hutson,
4092,achraf,othman,
4093,ron,wakkary,
4094,doenia,oogjes,
4095,louanne,boyd,
4096,andrea,vedaldi,
4097,lars,hansen,kai
4098,klaus-robert,mueller,
4099,bertrand,braunschweig,
4100,malik,ghallab,
4101,,lewis,
4102,makayla,lewis,
4103,miriam,sturdee,
4104,mohammad,kuhail,amin
4105,jose,berengueres,
4106,fatma,taher,
4107,mariam,kuwaiti,al
4108,fred,davis,d.
4109,andrina,granic,
4110,yair,neuman,
3584,linda marie,tauscher,
3585,alison,lee,
3586,antonis,bikakis,
3587,daniel,weld,s.
3588,nuria,oliver,
3589,laura,burzagli,
3590,andrea,como,
3591,franxcesco,cabbanini,
3592,anna-lisa,salminen,
3593,claudia,rebola,
3594,masaaki,kurosu,
3595,sakae,yamamoto,
3596,wen-chin,li,
3597,,li wen-chin,
3598,margherita,antona,
3599,jessie,chen,y.c.
3600,gino,fragomeni,
3601,jessie,chen,
3602,patrick,rau,
3603,gabriele,meiselwitz,
3604,dylan,schmorrow,
3605,cali,fidopiastis,
3606,vincent,duffy,
3607,elizabeth,rosenzweig,
3608,shin'ichi,konomi,
3609,fiona,fui-hoon nah,
3610,keng,siau,
3611,panayotis,zaphiris,
3612,andri,ioannou,
3613,qin,gao,
3614,jia,zhou,
3615,abbas,moallem,
3616,xiaowen,fang,
3617,heidi,kromker,
3618,robert,sottilare,a.
3619,jessica,schwarz,
3620,matthias,rauterberg,
3621,june,wei,
3622,helmut,degen,
3623,lauren,reinerman-jones,
3624,,stephanidis constantine,
3625,stavroula,ntoa,
3626,wen-chin,li,
3627,marcelo,soares,m.
3628,elizabeth,rosensweig,
3629,,rau pei-luen patrick,
3630,heidi,kroemker,
3631,ayako,hashizume,
3632,yumi,asahi,
3633,adela,coman,
3634,simona,vasilache,
3635,,,
3636,fiona,nah,
